repos,files,notes,Type of copies,Reasons,Label,Is bad practice?,Reason bad practice
bobbyfisher1/playground,"[[""bobbyfisher1$playground$org.xtext.eis#model#generated#Eis.ecore"", ""bobbyfisher1$playground$org.example.eis#model#generated#Eis.ecore""]]",Xtext projects. Two versions of the same project by looking at the commit messages and the content of the projects.,Small variations,Different versions of the same project,Different versions of the same project,Yes,Against version control philosophy
sentery/ModelTransformation,"[[""sentery$ModelTransformation$TestTransformation#Metamodel#CFG.ecore"", ""sentery$ModelTransformation$TestTransformation#Metamodel#graph.ecore"", ""sentery$ModelTransformation$com.cs.tu.FindRefactor#Metamodels#gastm.ecore"", ""sentery$ModelTransformation$AnalysisCode#Metamodel#gastm.ecore"", ""sentery$ModelTransformation$TestTransformation#Metamodel#graph_bk.ecore"", ""sentery$ModelTransformation$TestTransformation#Metamodel#My.ecore"", ""sentery$ModelTransformation$TestTransformation#Metamodel#gastm2.ecore"", ""sentery$ModelTransformation$TestTransformation#Metamodel#gastm.ecore"", ""sentery$ModelTransformation$AnalysisCode#Metamodel#gastm2.ecore""], [""sentery$ModelTransformation$com.cs.tu.FindRefactor#Metamodels#CFG.ecore"", ""sentery$ModelTransformation$AnalysisCode#Metamodel#CFG.ecore""]]",MT projects. Several projects with similar model transformations. The model transformations transform meta-models to simialr meta-models.,Mix,"Similar source and target meta-models, similar MT of different projects",Similar MTs,No,
LorenzoBettini/edelta,"[[""LorenzoBettini$edelta$edelta.parent#edelta.lib.tests#expectations#testSaveModifiedEcoresAfterCopyingDerivedClass#My.ecore"", ""LorenzoBettini$edelta$edelta.parent#edelta.lib.tests#testecores#My.ecore"", ""LorenzoBettini$edelta$edelta.parent#edelta.lib.tests#expectations#testSaveModifiedEcoresAfterRenamingBaseClass#My.ecore""], [""LorenzoBettini$edelta$edelta.parent#edelta.maven.example#model#My.ecore"", ""LorenzoBettini$edelta$edelta.parent#edelta.newproject.template#model#My.ecore""], [""LorenzoBettini$edelta$edelta.parent#edelta.tests#src#edelta#tests#input#models#PersonList.ecore"", ""LorenzoBettini$edelta$edelta.parent#edelta.personlist.example#model#PersonList.ecore""]]",Xtext project. Testing the tool and examples of tool usage – same model with small modifications,Mix,"Testing/benchmarking tools (small variations), tests as examples (exact copies)",Testing/benchmarking/exampling of tools,No,
jniclas/recipeManager,"[[""jniclas$recipeManager$RecipeManagerRules#src#RecipeManagerRules#MyDsl.ecore"", ""jniclas$recipeManager$recipeManger#model#MyDsl.ecore"", ""jniclas$recipeManager$org.xtext.example.mydsl#model#generated#MyDsl.ecore""]]","Three projects in the same repository: one Xtext project with a autogenerated ecore model, one MT, one EMF project with instance models",Small variations,Different projects reuse the same meta-model,Different projects same DSL,Yes?,??? autogenerated code should be .gitignored and others?
mai-ng/uml2b,"[[""mai-ng$uml2b$b2javasql#bsql2java_v2#model#generated#BSQL2Java2.ecore"", ""mai-ng$uml2b$b2javasql#b2sql_v2#model#generated#B2SQL2.ecore"", ""mai-ng$uml2b$b2javasql#bsqllog2java#model#generated#BSQLLog2Java.ecore""], [""mai-ng$uml2b$b2javasql#bsql2sql#model#generated#BSQL2SQL.ecore"", ""mai-ng$uml2b$b2javasql#bsql2java#model#generated#BSQL2Java.ecore""]]",- (interesting),,,,,
BergarSimonsen/SMDP,"[[""BergarSimonsen$SMDP$Configurator#model#Configurator.ecore"", ""BergarSimonsen$SMDP$Configurator#Configurator.ecore""]]",- (interesting) exactly the same meta-model in two places,Exact copies,?,,Yes?,
rudiw/basic-crud,"[[""rudiw$basic-crud$src#main#resources#com#rudiwijaya#grudi#grudi.ecore"", ""rudiw$basic-crud$src#main#java#com#rudiwijaya#grudi#jpa#grudi.ecore""]]",-,Small variations,?,,Yes?,
DevBoost/Reuseware,"[[""DevBoost$Reuseware$Applications#ReuseTaipan#plugins#org.reuseware.application.taipan#reuse#taipan_original.ecore"", ""DevBoost$Reuseware$Applications#ReuseTaipan#plugins#org.reuseware.application.taipan#models#taipan.ecore""], [""DevBoost$Reuseware$Applications#ModelSoC#plugins#org.oasisopen.names.tc.opendocument#src#org#oasisopen#names#tc#opendocument#xmlns#drawing#impl#drawing.ecore"", ""DevBoost$Reuseware$Applications#ModelSoC#plugins#org.oasisopen.names.tc.opendocument#model#drawing.ecore""], [""DevBoost$Reuseware$Applications#ModelSoC#plugins#org.oasisopen.names.tc.opendocument#model#table.ecore"", ""DevBoost$Reuseware$Applications#ModelSoC#plugins#org.oasisopen.names.tc.opendocument#src#org#oasisopen#names#tc#opendocument#xmlns#table#impl#table.ecore""], [""DevBoost$Reuseware$Applications#ReuseTaipan#plugins#org.reuseware.application.taipan#slides#taipan.ecore"", ""DevBoost$Reuseware$Applications#ReuseTaipan#plugins#org.reuseware.application.taipan#slides#taipanExt.ecore""], [""DevBoost$Reuseware$Applications#ModelSoC#plugins#org.oasisopen.names.tc.opendocument#model#form.ecore"", ""DevBoost$Reuseware$Applications#ModelSoC#plugins#org.oasisopen.names.tc.opendocument#src#org#oasisopen#names#tc#opendocument#xmlns#form#impl#form.ecore""], [""DevBoost$Reuseware$Applications#ModelSoC#plugins#org.oasisopen.names.tc.opendocument#src#org#oasisopen#names#tc#opendocument#xmlns#style#impl#style.ecore"", ""DevBoost$Reuseware$Applications#ModelSoC#plugins#org.oasisopen.names.tc.opendocument#model#style.ecore""], [""DevBoost$Reuseware$Applications#ReuseTaipan#plugins#org.reuseware.application.taipan#reuse#taipan.ecore"", ""DevBoost$Reuseware$Applications#ReuseTaipan#plugins#org.reuseware.application.taipan#src#org#reuseware#application#taipan#impl#taipan.ecore""], [""DevBoost$Reuseware$Applications#CIM#plugins#es.tid.cim#model#CIMLevelZero.ecore"", ""DevBoost$Reuseware$Applications#CIM#plugins#es.tid.cim#src#es#tid#cim#impl#cim.ecore""]]",Several examples of the tool usage. Same meta-model with modifications/mix,Mix,"Testing/benchmarking tools (small variations), tests as examples (exact copies)",Testing/benchmarking/exampling of tools,No,
KROKIteam/KROKI-binaries,"[[""KROKIteam$KROKI-binaries$raw#libECore#org.eclipse.uml2.uml#model#CMOF24.ecore"", ""KROKIteam$KROKI-binaries$raw#libECore#org.eclipse.uml2.uml#model#CMOF.ecore""]]",- (same metamodel?),Small variations,Different versions of the same project,Different versions of the same project,,
HebesDad/ACHG_PhotoTag,"[[""HebesDad$ACHG_PhotoTag$src#org#achg#phototag#model#PhotoTagger.ecore"", ""HebesDad$ACHG_PhotoTag$src-gen#org#achg#phototag#generated#model#PhotoTagModel#impl#PhotoTagModel.ecore""]]","- (interesting) bad practice? src-gen (in the src-gen, the meta-model .ecore is copied) src-gen goes to .gitignore?",,,,,
songhui/cspadapt,"[[""songhui$cspadapt$vmplacement#z4#test-configs#10times5#generated-casestudy.ecore"", ""songhui$cspadapt$vmplacement#vmplace.tests#model#generated-casestudy.ecore""], [""songhui$cspadapt$vmplacement#vmplace#model#SmartHouse.ecore"", ""songhui$cspadapt$old#smarthouse#model#SmartHouse.ecore""]]",-,,,,,
alessioros/mobilecodegenerator3,"[[""alessioros$mobilecodegenerator3$it.polimi.mobilecodegenerator#src#metamodel#metamodel.ecore"", ""alessioros$mobilecodegenerator3$it.polimi.mobilecodegenerator#bin#metamodel#metamodel.ecore""]]",- (interesting) bad practice? same meta-model in the bin folder,,,,,
BackupTheBerlios/diva-unix-svn,"[[""BackupTheBerlios$diva-unix-svn$trunk#divastudio#plugins#diva.model#model#old#DiVA_Merged.ecore"", ""BackupTheBerlios$diva-unix-svn$trunk#divastudio#plugins#diva.model#model#DiVA.ecore""], [""BackupTheBerlios$diva-unix-svn$trunk#divastudio#plugins#diva.model#model#DiVA_visitor.ecore"", ""BackupTheBerlios$diva-unix-svn$trunk#divastudio#plugins#diva.model#model#old#DiVA_Merged_visitor.ecore""], [""BackupTheBerlios$diva-unix-svn$trunk#divastudio#plugins#org.kermeta.art.model#model#metamodel@runtime.ecore"", ""BackupTheBerlios$diva-unix-svn$trunk#divastudio#plugins#org.kermeta.art.model#model#aom#metamodel@runtime_relaxed.ecore""]]",,,,,,
ferdjoukh/grimm,"[[""ferdjoukh$grimm$Graph#meta-models#ScaffoldGraph.ecore"", ""ferdjoukh$grimm$meta-models#Graph.ecore""], [""ferdjoukh$grimm$meta-models#FeatureModel.ecore"", ""ferdjoukh$grimm$tests#FeatureModel.ecore""], [""ferdjoukh$grimm$tests#Ecore.ecore"", ""ferdjoukh$grimm$meta-models#Ecore.ecore""], [""ferdjoukh$grimm$map#meta-models#maps.ecore"", ""ferdjoukh$grimm$meta-models#maps.ecore""], [""ferdjoukh$grimm$meta-models#test.ecore"", ""ferdjoukh$grimm$tests#test.ecore""]]",,,,,,
e0725675/ModelEngineeringWS14,"[[""e0725675$ModelEngineeringWS14$lab3#at.ac.tuwien.big.forms.transformations#metamodel#forms.ecore"", ""e0725675$ModelEngineeringWS14$lab2#at.ac.tuwien.big.forms#model#forms.ecore"", ""e0725675$ModelEngineeringWS14$lab4#at.ac.tuwien.big.forms#model#forms.ecore""]]",,,,,,
damien-cremilleux/TP4INFO,"[[""damien-cremilleux$TP4INFO$IDM#IDM#bin#Robot.ecore"", ""damien-cremilleux$TP4INFO$IDM#IDM#metamodels#Robot.ecore""]]",,,,,,
PeterFeicht/mde2017,"[[""PeterFeicht$mde2017$net.feichti.codingcontest#migration#02_move.ecore"", ""PeterFeicht$mde2017$net.feichti.codingcontest#model#codingcontest.ecore"", ""PeterFeicht$mde2017$net.feichti.codingcontest#migration#03_remove.ecore"", ""PeterFeicht$mde2017$net.feichti.codingcontest#migration#01_rename.ecore""]]",Not applicable – several exercises?,,,,,
maybeec/oomph-task-download,"[[""maybeec$oomph-task-download$task-download#model#download.ecore"", ""maybeec$oomph-task-download$task-download-updatesite#model#Oomph-task-download.ecore""]]","interesting, same meta-model in two folders",,,,,
hendrik-skubch/cn-alica-ros-pkg,"[[""hendrik-skubch$cn-alica-ros-pkg$Planmodeller#src#de.uni_kassel.cn.planDesigner.alica#model#alicaDSL.ecore"", ""hendrik-skubch$cn-alica-ros-pkg$Planmodeller#src#de.uni_kassel.cn.planDesigner.alica#bin#alicaDSL.ecore""]]",same copy src and bin (bad practice?),,,,,
SOM-Research/alf-verifier,"[[""SOM-Research$alf-verifier$org.xtext.alf#bin#org#xtext#alf#Alf.ecore"", ""SOM-Research$alf-verifier$org.xtext.alf#src-gen#org#xtext#alf#Alf.ecore""]]","same meta-model, one in bin forder and the other in src gen?",,,,,
gratex/oomph-task-server,"[[""gratex$oomph-task-server$test-index#models#Mylyn.ecore"", ""gratex$oomph-task-server$index#models#Mylyn.ecore""], [""gratex$oomph-task-server$test-index#models#PDE.ecore"", ""gratex$oomph-task-server$index#models#PDE.ecore""], [""gratex$oomph-task-server$index#models#Git.ecore"", ""gratex$oomph-task-server$test-index#models#Git.ecore""], [""gratex$oomph-task-server$com.gratex.oomph.task.server#model#Server-1.0.ecore"", ""gratex$oomph-task-server$com.gratex.oomph.task.server#model#Server.ecore""], [""gratex$oomph-task-server$index#models#SetupTarglets.ecore"", ""gratex$oomph-task-server$test-index#models#SetupTarglets.ecore""], [""gratex$oomph-task-server$test-index#models#Targlets.ecore"", ""gratex$oomph-task-server$index#models#Targlets.ecore""], [""gratex$oomph-task-server$test-index#models#Projects.ecore"", ""gratex$oomph-task-server$index#models#Projects.ecore""], [""gratex$oomph-task-server$index#models#Resources.ecore"", ""gratex$oomph-task-server$test-index#models#Resources.ecore""], [""gratex$oomph-task-server$index#models#Predicates.ecore"", ""gratex$oomph-task-server$test-index#models#Predicates.ecore""], [""gratex$oomph-task-server$index#models#Workbench.ecore"", ""gratex$oomph-task-server$test-index#models#Workbench.ecore""], [""gratex$oomph-task-server$index#models#WorkingSets.ecore"", ""gratex$oomph-task-server$test-index#models#WorkingSets.ecore""]]",-,,,,,
yamtl/viatra-cps-batch-benchmark,"[[""yamtl$viatra-cps-batch-benchmark$m2m.batch.cps2dep.yamtl#src#main#resources#metamodels#model.ecore"", ""yamtl$viatra-cps-batch-benchmark$m2m.batch.data#cps2dep#model#model.ecore"", ""yamtl$viatra-cps-batch-benchmark$m2m.batch.cps2dep.viatra.eiq#model#model.ecore"", ""yamtl$viatra-cps-batch-benchmark$m2m.batch.cps2dep.xtend.plugin#metamodels#model.ecore""], [""yamtl$viatra-cps-batch-benchmark$m2m.batch.data#cps2dep#model#deployment.ecore"", ""yamtl$viatra-cps-batch-benchmark$m2m.batch.cps2dep.yamtl#src#main#resources#metamodels#deployment.ecore"", ""yamtl$viatra-cps-batch-benchmark$m2m.batch.cps2dep.xtend.plugin#metamodels#deployment.ecore""], [""yamtl$viatra-cps-batch-benchmark$m2m.batch.cps2dep.yamtl#src#main#resources#metamodels#traceability.ecore"", ""yamtl$viatra-cps-batch-benchmark$m2m.batch.data#cps2dep#model#traceability.ecore"", ""yamtl$viatra-cps-batch-benchmark$m2m.batch.cps2dep.xtend.plugin#metamodels#traceability.ecore""]]",,,,,,
EmrysMyrddin/ElaScript,"[[""EmrysMyrddin$ElaScript$eclipse-elascript#configuration#org.eclipse.osgi#430#0#.cp#model#AcceleoWizardModel.ecore"", ""EmrysMyrddin$ElaScript$xtext-workspace#.metadata#.plugins#org.eclipse.pde.core#Launch Runtime Eclipse#org.eclipse.osgi#586#0#.cp#model#AcceleoWizardModel.ecore""]]",,,,,,
dwagelaar/UML2CaseStudies,"[[""dwagelaar$UML2CaseStudies$uml2cs-instantmessenger-config-editor#metamodels#XML.ecore"", ""dwagelaar$UML2CaseStudies$uml2cs-transformations#metamodels#XML.ecore""]]",,,,,,
mondo-project/mondo-demo-wt,"[[""mondo-project$mondo-demo-wt$Metamodel#WTSpec4M50.ecore"", ""mondo-project$mondo-demo-wt$MONDO-Collab#org.mondo.wt.cstudy.metamodel#WTSpec4M.ecore"", ""mondo-project$mondo-demo-wt$DSL-tao#org.mondo.wt.cstudy#WTSpec4M50M.ecore"", ""mondo-project$mondo-demo-wt$DSL-tao#org.mondo.wt.cstudy#WTSpec4M50.ecore""], [""mondo-project$mondo-demo-wt$DSL-tao#org.mondo.wt.cstudy#patterns#StateMachine_with_OCL.ecore"", ""mondo-project$mondo-demo-wt$DSL-tao#org.mondo.wt.cstudy#patterns#StateMachine.ecore"", ""mondo-project$mondo-demo-wt$DSL-tao#org.mondo.wt.cstudy#patterns#StateMachineUnnamed.ecore""]]",,,,,,
crossminer/crossminer,"[[""crossminer$crossminer$platform-extensions#org.ossmeter.repository.model.cc.nntp#src#org#ossmeter#repository#model#cc#nntp#nntp.ecore"", ""crossminer$crossminer$client#org.ossmeter.platform.client.generator#models#nntp.ecore""], [""crossminer$crossminer$client#org.ossmeter.platform.client.generator#models#wiki.ecore"", ""crossminer$crossminer$platform-extensions#org.ossmeter.repository.model.cc.wiki#src#org#ossmeter#repository#model#cc#wiki#wiki.ecore""], [""crossminer$crossminer$platform#org.ossmeter.platform#src#org#ossmeter#platform#factoids#factoids.ecore"", ""crossminer$crossminer$client#org.ossmeter.platform.client.generator#models#factoids.ecore""], [""crossminer$crossminer$client#org.ossmeter.platform.client.generator#models#bugzilla.ecore"", ""crossminer$crossminer$platform-extensions#org.ossmeter.repository.model.bts.bugzilla#src#org#ossmeter#repository#model#bts#bugzilla#bugzilla.ecore""], [""crossminer$crossminer$client#org.ossmeter.platform.client.generator#models#ossmeter.ecore"", ""crossminer$crossminer$platform#org.ossmeter.repository.model#src#org#ossmeter#repository#model#ossmeter.ecore""], [""crossminer$crossminer$platform-extensions#org.ossmeter.repository.model.googlecode#src#org#ossmeter#repository#model#googlecode#googlecode.ecore"", ""crossminer$crossminer$client#org.ossmeter.platform.client.generator#models#googlecode.ecore""], [""crossminer$crossminer$client#org.ossmeter.platform.client.generator#models#github.ecore"", ""crossminer$crossminer$platform-extensions#org.ossmeter.repository.model.github#src#org#ossmeter#repository#model#github#github.ecore""], [""crossminer$crossminer$platform-extensions#org.ossmeter.repository.model.eclipse#src#org#ossmeter#repository#model#eclipse#eclipse.ecore"", ""crossminer$crossminer$client#org.ossmeter.platform.client.generator#models#eclipse.ecore""], [""crossminer$crossminer$platform-extensions#org.ossmeter.repository.model.vcs.svn#src#org#ossmeter#repository#model#vcs#svn#svn.ecore"", ""crossminer$crossminer$client#org.ossmeter.platform.client.generator#models#svn.ecore""], [""crossminer$crossminer$platform-extensions#org.ossmeter.repository.model.cc.forum#src#org#ossmeter#repository#model#cc#forum#forum.ecore"", ""crossminer$crossminer$client#org.ossmeter.platform.client.generator#models#forum.ecore""], [""crossminer$crossminer$client#org.ossmeter.platform.client.generator#models#git.ecore"", ""crossminer$crossminer$platform-extensions#org.ossmeter.repository.model.vcs.git#src#org#ossmeter#repository#model#vcs#git#git.ecore""], [""crossminer$crossminer$platform-extensions#org.ossmeter.repository.model.redmine#src#org#ossmeter#repository#model#redmine#redmine.ecore"", ""crossminer$crossminer$client#org.ossmeter.platform.client.generator#models#redmine.ecore""], [""crossminer$crossminer$client#org.ossmeter.platform.client.generator#models#cvs.ecore"", ""crossminer$crossminer$platform-extensions#org.ossmeter.repository.model.vcs.cvs#src#org#ossmeter#repository#model#vcs#cvs#cvs.ecore""], [""crossminer$crossminer$client#org.ossmeter.platform.client.generator#models#sourceforge.ecore"", ""crossminer$crossminer$platform-extensions#org.ossmeter.repository.model.sourceforge#src#org#ossmeter#repository#model#sourceforge#sourceforge.ecore""]]",,,,,,
sefms-disi-unitn/Zanshin,"[[""sefms-disi-unitn$Zanshin$zanshin-simulations#src#it#unitn#disi#zanshin#simulation#cases#atm#atm.ecore"", ""sefms-disi-unitn$Zanshin$zanshin-managed-atm#src#zanshin#atm.ecore""]]",,,,,,
MOHITO-PROJECT/MOHITO,"[[""MOHITO-PROJECT$MOHITO$modagile#generator#de.modagile.metamodel.app#model#modagile.ecore"", ""MOHITO-PROJECT$MOHITO$modagile#generator#de.modagile.metamodel.app#bin#modagile.ecore""]]",,,,,,
gssi/Edelta_bad_smells,"[[""gssi$Edelta_bad_smells$model#TypeB#BS1#TypeB.ecore"", ""gssi$Edelta_bad_smells$model#TypeB.ecore"", ""gssi$Edelta_bad_smells$model#TypeB#BS3#TypeB.ecore"", ""gssi$Edelta_bad_smells$model#TypeB#BS2#TypeB.ecore"", ""gssi$Edelta_bad_smells$model#TypeB#BS5#TypeB.ecore"", ""gssi$Edelta_bad_smells$model#TypeB#BS4#TypeB.ecore"", ""gssi$Edelta_bad_smells$modified#TypeB.ecore""], [""gssi$Edelta_bad_smells$model#PNML#BS4#PNML.ecore"", ""gssi$Edelta_bad_smells$model#PNML#BS5#PNML.ecore"", ""gssi$Edelta_bad_smells$model#PNML#BS3#PNML.ecore"", ""gssi$Edelta_bad_smells$model#PNML#BS1#PNML.ecore"", ""gssi$Edelta_bad_smells$modified#PNML.ecore"", ""gssi$Edelta_bad_smells$model#PNML.ecore"", ""gssi$Edelta_bad_smells$model#PNML#BS2#PNML.ecore""], [""gssi$Edelta_bad_smells$model#Persons#BS3#Persons.ecore"", ""gssi$Edelta_bad_smells$model#Persons#BS1#Persons.ecore"", ""gssi$Edelta_bad_smells$model#Persons#BS4#Persons.ecore"", ""gssi$Edelta_bad_smells$model#Persons.ecore"", ""gssi$Edelta_bad_smells$model#Persons#BS2#Persons.ecore"", ""gssi$Edelta_bad_smells$model#Persons#BS5#Persons.ecore"", ""gssi$Edelta_bad_smells$modified#Persons.ecore""], [""gssi$Edelta_bad_smells$model#Grafcet#BS3#Grafcet.ecore"", ""gssi$Edelta_bad_smells$model#Grafcet#BS5#Grafcet.ecore"", ""gssi$Edelta_bad_smells$model#Grafcet#BS1#Grafcet.ecore"", ""gssi$Edelta_bad_smells$model#Grafcet.ecore"", ""gssi$Edelta_bad_smells$modified#Grafcet.ecore"", ""gssi$Edelta_bad_smells$model#Grafcet#BS4#Grafcet.ecore"", ""gssi$Edelta_bad_smells$model#Grafcet#BS2#Grafcet.ecore""], [""gssi$Edelta_bad_smells$model#SimpleClass#BS1#SimpleClass.ecore"", ""gssi$Edelta_bad_smells$model#SimpleClass.ecore"", ""gssi$Edelta_bad_smells$model#SimpleClass#BS3#SimpleClass.ecore"", ""gssi$Edelta_bad_smells$model#SimpleClass#BS4#SimpleClass.ecore"", ""gssi$Edelta_bad_smells$model#SimpleClass#BS5#SimpleClass.ecore"", ""gssi$Edelta_bad_smells$model#SimpleClass#BS2#SimpleClass.ecore"", ""gssi$Edelta_bad_smells$modified#SimpleClass.ecore""], [""gssi$Edelta_bad_smells$model#SimpleRDBMS#BS2#SimpleRDBMS.ecore"", ""gssi$Edelta_bad_smells$model#SimpleRDBMS#BS3#SimpleRDBMS.ecore"", ""gssi$Edelta_bad_smells$model#SimpleRDBMS#BS1#SimpleRDBMS.ecore"", ""gssi$Edelta_bad_smells$modified#SimpleRDBMS.ecore"", ""gssi$Edelta_bad_smells$model#SimpleRDBMS#BS5#SimpleRDBMS.ecore"", ""gssi$Edelta_bad_smells$model#SimpleRDBMS#BS4#SimpleRDBMS.ecore""], [""gssi$Edelta_bad_smells$model#PetriNet#BS4#PetriNet.ecore"", ""gssi$Edelta_bad_smells$model#PetriNet#BS2#PetriNet.ecore"", ""gssi$Edelta_bad_smells$model#PetriNet#BS3#PetriNet.ecore"", ""gssi$Edelta_bad_smells$modified#PetriNet.ecore"", ""gssi$Edelta_bad_smells$model#PetriNet#BS5#PetriNet.ecore"", ""gssi$Edelta_bad_smells$model#PetriNet#BS1#PetriNet.ecore""], [""gssi$Edelta_bad_smells$model#Families#BS2#Families.ecore"", ""gssi$Edelta_bad_smells$model#Families#BS1#Families.ecore"", ""gssi$Edelta_bad_smells$model#Families.ecore"", ""gssi$Edelta_bad_smells$modified#Families.ecore"", ""gssi$Edelta_bad_smells$model#Families#BS5#Families.ecore"", ""gssi$Edelta_bad_smells$model#Families#BS4#Families.ecore""], [""gssi$Edelta_bad_smells$model#PathExp#BS4#PathExp.ecore"", ""gssi$Edelta_bad_smells$model#PathExp#BS1#PathExp.ecore"", ""gssi$Edelta_bad_smells$modified#PathExp.ecore"", ""gssi$Edelta_bad_smells$model#PathExp.ecore""], [""gssi$Edelta_bad_smells$model#PathExp#BS5#PathExp.ecore"", ""gssi$Edelta_bad_smells$model#PathExp#BS2#PathExp.ecore"", ""gssi$Edelta_bad_smells$model#PathExp#BS3#PathExp.ecore""], [""gssi$Edelta_bad_smells$modified#My.ecore"", ""gssi$Edelta_bad_smells$model#My.ecore""]]",,,,,,
abreslav/astrans,"[[""abreslav$astrans$ru.ifmo.rain.astrans.ecore#model#astrans.ecore"", ""abreslav$astrans$ru.ifmo.rain.astrans.tests#testData#interpreter#testSkipping#input.ecore"", ""abreslav$astrans$ru.ifmo.rain.astrans.tests#testData#interpreter#testResolveReferences#input.ecore"", ""abreslav$astrans$ru.ifmo.rain.astrans.tests#testData#interpreter#testAstransToAstransast#input.ecore"", ""abreslav$astrans$ru.ifmo.rain.astrans.tests#testData#interpreter#testMapping#input.ecore"", ""abreslav$astrans$ru.ifmo.rain.astrans.tests#testData#interpreter#testTranslateReferences#input.ecore"", ""abreslav$astrans$ru.ifmo.rain.astrans.tests#testData#interpreter#testChangeInheritance#input.ecore"", ""abreslav$astrans$ru.ifmo.rain.astrans.tests#testData#interpreter#testCreateClass#input.ecore"", ""abreslav$astrans$ru.ifmo.rain.astrans.tests#testData#backtranscodegen#testEverything#input.ecore"", ""abreslav$astrans$ru.ifmo.rain.astrans.tests#testData#backtranscodegen#testProvidingScopeInformation#input.ecore""], [""abreslav$astrans$ru.ifmo.rain.astrans.tests#testData#interpreter#testChangeInheritance#output.ecore"", ""abreslav$astrans$ru.ifmo.rain.astrans.tests#testData#interpreter#testResolveReferences#expected.ecore"", ""abreslav$astrans$ru.ifmo.rain.astrans.tests#testData#interpreter#testTranslateReferences#output.ecore"", ""abreslav$astrans$ru.ifmo.rain.astrans.tests#testData#interpreter#testCreateClass#output.ecore"", ""abreslav$astrans$ru.ifmo.rain.astrans.tests#testData#interpreter#testResolveReferences#output.ecore"", ""abreslav$astrans$ru.ifmo.rain.astrans.tests#testData#interpreter#testChangeInheritance#expected.ecore"", ""abreslav$astrans$ru.ifmo.rain.astrans.tests#testData#interpreter#testMapping#output.ecore"", ""abreslav$astrans$ru.ifmo.rain.astrans.tests#testData#interpreter#testTranslateReferences#expected.ecore"", ""abreslav$astrans$ru.ifmo.rain.astrans.tests#testData#interpreter#testMapping#expected.ecore"", ""abreslav$astrans$ru.ifmo.rain.astrans.tests#testData#interpreter#testCreateClass#expected.ecore""], [""abreslav$astrans$ru.ifmo.rain.astrans.tests#testData#backtranscodegen#testProvidingScopeInformation#output.ecore"", ""abreslav$astrans$ru.ifmo.rain.astrans.tests#testData#interpreter#testAstransToAstransast#output.ecore"", ""abreslav$astrans$ru.ifmo.rain.astrans.tests#testData#interpreter#testAstransToAstransast#expected.ecore"", ""abreslav$astrans$ru.ifmo.rain.astrans.ast#model#astransast.ecore"", ""abreslav$astrans$ru.ifmo.rain.astrans.tests#testData#backtranscodegen#testEverything#output.ecore"", ""abreslav$astrans$ru.ifmo.rain.astrans.tests#bootstrap#astransast.ecore""], [""abreslav$astrans$ru.ifmo.rain.astrans.tests#testData#backtrans#testManyGenPackages#model.ecore"", ""abreslav$astrans$ru.ifmo.rain.astrans.tests#testData#backtrans#testDependencies#model.ecore"", ""abreslav$astrans$ru.ifmo.rain.astrans.tests#testData#backtrans#testResolveGrouping#model.ecore"", ""abreslav$astrans$ru.ifmo.rain.astrans.tests#testData#backtrans#testReferenceMappings#model.ecore""], [""abreslav$astrans$ru.ifmo.rain.astrans.tests#testData#backtrans#testResolveGrouping#ast.ecore"", ""abreslav$astrans$ru.ifmo.rain.astrans.tests#testData#backtrans#testDependencies#ast.ecore"", ""abreslav$astrans$ru.ifmo.rain.astrans.tests#testData#backtrans#testReferenceMappings#ast.ecore"", ""abreslav$astrans$ru.ifmo.rain.astrans.tests#testData#backtrans#testManyGenPackages#ast.ecore""], [""abreslav$astrans$ru.ifmo.rain.astrans.tests#testData#interpreter#testReadonlyFeatures#expected.ecore"", ""abreslav$astrans$ru.ifmo.rain.astrans.tests#testData#interpreter#testCrossReferencesOnly#output.ecore"", ""abreslav$astrans$ru.ifmo.rain.astrans.tests#testData#interpreter#testReadonlyFeatures#output.ecore"", ""abreslav$astrans$ru.ifmo.rain.astrans.tests#testData#interpreter#testCrossReferencesOnly#expected.ecore""], [""abreslav$astrans$ru.ifmo.rain.astrans.tests#testData#dependencies#testCycle#input.ecore"", ""abreslav$astrans$ru.ifmo.rain.astrans.tests#testData#dependencies#testComplex#input.ecore"", ""abreslav$astrans$ru.ifmo.rain.astrans.tests#testData#dependencies#testLine#input.ecore""], [""abreslav$astrans$ru.ifmo.rain.astrans.tests#testData#interpreter#testSkipping#expected.ecore"", ""abreslav$astrans$ru.ifmo.rain.astrans.tests#testData#interpreter#testSkipping#output.ecore""]]",,,,,,
atlanmod/emfviewsSQL,"[[""atlanmod$emfviewsSQL$SQL2VirtualLinks#metamodels#VirtualLinksMM2.ecore"", ""atlanmod$emfviewsSQL$fr.inria.atlanmod.emfviews.vlink-mm#resource#VirtualLinksMM2.ecore""], [""atlanmod$emfviewsSQL$examples#myFirstViewModelTotextTransformationTutorial#metamodels#Book.ecore"", ""atlanmod$emfviewsSQL$examples#myFirstViewTutorial#metamodels#Book.ecore""], [""atlanmod$emfviewsSQL$examples#EMFViewsSQLTest#metamodels#contentfwk.ecore"", ""atlanmod$emfviewsSQL$examples#1_EAdata#EAmetamodel#EA.ecore""], [""atlanmod$emfviewsSQL$examples#myFirstViewTutorial#metamodels#Publication.ecore"", ""atlanmod$emfviewsSQL$examples#myFirstViewModelTotextTransformationTutorial#metamodels#Publication.ecore""]]",,,,,,
Zilarion/2IMP20-Generic-Language-Technology,"[[""Zilarion$2IMP20-Generic-Language-Technology$Assignment 3#nl.tue.glt.boundingbox.platoon2boundingbox#resources#BoundingBox.ecore"", ""Zilarion$2IMP20-Generic-Language-Technology$Assignment 3#nl.tue.glt.boundingbox#model#BoundingBox.ecore"", ""Zilarion$2IMP20-Generic-Language-Technology$Assignment 3#nl.tue.glt.boundingbox.boundingbox2java#models#BoundingBox.ecore""], [""Zilarion$2IMP20-Generic-Language-Technology$Assignment 3#nl.tue.glt.platoon.platoon2nxc#models#platoon.ecore"", ""Zilarion$2IMP20-Generic-Language-Technology$Assignment 3#nl.tue.glt.platoon#model#platoon.ecore"", ""Zilarion$2IMP20-Generic-Language-Technology$Assignment 3#nl.tue.glt.boundingbox.platoon2boundingbox#resources#platoon.ecore""]]",,,,,,
mbats/sirius-blog,"[[""mbats$sirius-blog$custo-diag#fr.obeo.dsl.houseofcards.metamodel#model#houseofcards.ecore"", ""mbats$sirius-blog$tree-layout#fr.obeo.dsl.houseofcards.metamodel#model#houseofcards.ecore""]]",Tutorial – several examples of building the same DSL (teaching reasons),,,,,
BauhausLuftfahrt/PAXelerate,"[[""BauhausLuftfahrt$PAXelerate$net.bhl.cdt.paxelerate.model#src#net#bhl#cdt#paxelerate#model#impl#model.ecore"", ""BauhausLuftfahrt$PAXelerate$net.bhl.cdt.paxelerate.model#model#cabin.ecore""]]",,,,,,
sbegaudeau/acceleo-modules,"[[""sbegaudeau$acceleo-modules$psm-gen-scala#plugins#com.github.sbegaudeau.acceleo.modules.psm.gen.scala.model#model#Scala.ecore"", ""sbegaudeau$acceleo-modules$ecore-gen-scala#tests#com.github.sbegaudeau.acceleo.modules.ecore.gen.scala.tests#model#Scala.ecore""]]",,,,,,
code-kontor/slizaa,"[[""code-kontor$slizaa$slizaa-mojos#ecoregenerator-maven-plugin#src#test#projects#ecore-generator#src#main#resources#model#hierarchicalgraph.ecore"", ""code-kontor$slizaa$slizaa-mojos#ecoregenerator-maven-plugin#src#test#projects#ecore-generator-2#target#workspace#io.codekontor.slizaa.hierarchicalgraph.core.model#model#hierarchicalgraph.ecore"", ""code-kontor$slizaa$slizaa-hierarchicalgraph#core#slizaa-hierarchicalgraph-core-model#model#hierarchicalgraph.ecore""]]",,,,,,
soha500/EglSync,"[[""soha500$EglSync$org.eclipse.epsilon.egl.sync#New-Generated-Files#League#League.ecore"", ""soha500$EglSync$org.eclipse.epsilon.egl.sync#SimpleExample#ModelLeague#League.ecore"", ""soha500$EglSync$org.eclipse.epsilon.egl.sync#SimpleExample#models#League.ecore""]]",,,,,,
netconstructor/GeoTools,"[[""netconstructor$GeoTools$modules#ogc#net.opengis.wfsv#wfs.ecore"", ""netconstructor$GeoTools$modules#ogc#net.opengis.wfs#wfs.ecore""]]",,,,,,
jlcanovas/gra2mol,"[[""jlcanovas$gra2mol$core#Grammar2Model.CST.CDO#model#CST.ecore"", ""jlcanovas$gra2mol$examples#Grammar2Model.examples.script2Model#files#metamodels#CST.ecore"", ""jlcanovas$gra2mol$examples#Grammar2Model.examples.Delphi2Model#ASTMExtraction#files#metamodels#CST.ecore"", ""jlcanovas$gra2mol$examples#Grammar2Model.examples.ABNF2MModel#files#metamodels#CST.ecore"", ""jlcanovas$gra2mol$examples#Grammar2Model.examples.Java2JavaModel#files#metamodels#CST.ecore"", ""jlcanovas$gra2mol$core#Grammar2Model.CST#model#CST.ecore"", ""jlcanovas$gra2mol$examples#Grammar2Model.examples.101companies#gra2mol#metamodels#CST.ecore"", ""jlcanovas$gra2mol$core#Grammar2Model.UI#default#CST.ecore"", ""jlcanovas$gra2mol$examples#Grammar2Model.examples.Java2ASTMModel#files#metamodels#CST.ecore"", ""jlcanovas$gra2mol$examples#Grammar2Model.examples.extractANTLRModel#files#metamodels#CST.ecore"", ""jlcanovas$gra2mol$examples#Grammar2Model.examples.skeleton#files#metamodels#CST.ecore"", ""jlcanovas$gra2mol$examples#Grammar2Model.examples.Maude2Model#files#metamodels#CST.ecore"", ""jlcanovas$gra2mol$examples#Grammar2Model.examples.PLSQL2ASTMModel#metamodels#CST.ecore"", ""jlcanovas$gra2mol$examples#Grammar2Model.examples.macros#files#metamodels#CST.ecore"", ""jlcanovas$gra2mol$core#Grammar2Model#metamodel#CST.ecore"", ""jlcanovas$gra2mol$examples#Grammar2Model.examples.modsea#files#metamodels#CST.ecore"", ""jlcanovas$gra2mol$examples#Grammar2Model.examples.IDL2Model#files#metamodels#CST.ecore""], [""jlcanovas$gra2mol$examples#Grammar2Model.examples.extractANTLRModel#files#metamodels#Gra2MoL.ecore"", ""jlcanovas$gra2mol$examples#Grammar2Model.examples.Maude2Model#files#metamodels#Gra2MoL.ecore"", ""jlcanovas$gra2mol$examples#Grammar2Model.examples.script2Model#files#metamodels#Gra2MoL.ecore"", ""jlcanovas$gra2mol$examples#Grammar2Model.examples.ABNF2MModel#files#metamodels#Gra2MoL.ecore"", ""jlcanovas$gra2mol$examples#Grammar2Model.examples.modsea#files#metamodels#Gra2MoL.ecore"", ""jlcanovas$gra2mol$examples#Grammar2Model.examples.101companies#gra2mol#metamodels#Gra2MoL.ecore"", ""jlcanovas$gra2mol$examples#Grammar2Model.examples.skeleton#files#metamodels#Gra2MoL.ecore"", ""jlcanovas$gra2mol$core#Grammar2Model.Gra2MoL#model#Gra2MoL.ecore"", ""jlcanovas$gra2mol$examples#Grammar2Model.examples.macros#files#metamodels#Gra2MoL.ecore"", ""jlcanovas$gra2mol$core#Grammar2Model.GVQ#model#GVQ.ecore"", ""jlcanovas$gra2mol$examples#Grammar2Model.examples.Java2JavaModel#files#metamodels#Gra2MoL.ecore"", ""jlcanovas$gra2mol$examples#Grammar2Model.examples.Java2ASTMModel#files#metamodels#Gra2MoL.ecore"", ""jlcanovas$gra2mol$examples#Grammar2Model.examples.Delphi2Model#ASTMExtraction#files#metamodels#Gra2MoL.ecore"", ""jlcanovas$gra2mol$examples#Grammar2Model.examples.PLSQL2ASTMModel#metamodels#Gra2MoL.ecore"", ""jlcanovas$gra2mol$examples#Grammar2Model.examples.IDL2Model#files#metamodels#Gra2MoL.ecore"", ""jlcanovas$gra2mol$core#Grammar2Model.UI#default#gra2mol.ecore""], [""jlcanovas$gra2mol$examples#Grammar2Model.examples.Java2ASTMModel#files#metamodels#kdm.ecore"", ""jlcanovas$gra2mol$core#Grammar2Model#metamodel#kdmmodse.ecore"", ""jlcanovas$gra2mol$core#Grammar2Model.KDM#model#kdm.ecore"", ""jlcanovas$gra2mol$examples#Grammar2Model.examples.Java2KDMModel#files#metamodels#kdm.ecore"", ""jlcanovas$gra2mol$examples#Grammar2Model.examples.Delphi2Model#ASTMExtraction#files#metamodels#kdm.ecore"", ""jlcanovas$gra2mol$core#Grammar2Model#metamodel#kdm.ecore""], [""jlcanovas$gra2mol$examples#Grammar2Model.examples.Java2ASTMModel#files#metamodels#gsastm.ecore"", ""jlcanovas$gra2mol$examples#Grammar2Model.examples.PLSQL2ASTMModel#metamodels#astm-v1.ecore"", ""jlcanovas$gra2mol$examples#Grammar2Model.examples.Delphi2Model#ASTMExtraction#files#metamodels#astm.ecore"", ""jlcanovas$gra2mol$examples#Grammar2Model.examples.Java2ASTMModel#files#metamodels#astm.ecore""], [""jlcanovas$gra2mol$core#Grammar2Model#metamodel#javamodse.ecore"", ""jlcanovas$gra2mol$core#Grammar2Model#metamodel#javaSimplified.ecore"", ""jlcanovas$gra2mol$examples#Grammar2Model.examples.Java2JavaModel#files#metamodels#javaSimplified.ecore""], [""jlcanovas$gra2mol$examples#Grammar2Model.examples.sandbox#files#src#mmAEmilia.ecore"", ""jlcanovas$gra2mol$examples#Grammar2Model.examples.skeleton#files#src#mmAEmilia.ecore""], [""jlcanovas$gra2mol$examples#Grammar2Model.examples.PLSQL2ASTMModel#metamodels#sastm.ecore"", ""jlcanovas$gra2mol$examples#Grammar2Model.examples.ABNF2MModel#resultado.ecore""], [""jlcanovas$gra2mol$examples#Grammar2Model.examples.wikiDB2Model#files#metamodels#wikiGraph.ecore"", ""jlcanovas$gra2mol$examples#Grammar2Model.examples.wikiDB2Model#files#metamodels#wikiGraph-onekin.ecore""], [""jlcanovas$gra2mol$core#Grammar2Model.UI#default#metamodel.ecore"", ""jlcanovas$gra2mol$examples#Grammar2Model.examples.skeleton#files#metamodels#simpleLanguage.ecore""], [""jlcanovas$gra2mol$core#Grammar2Model.UI#resources#Grammar.ecore"", ""jlcanovas$gra2mol$examples#Grammar2Model.examples.extractANTLRModel#files#metamodels#Grammar.ecore""], [""jlcanovas$gra2mol$examples#Grammar2Model.examples.ABNF2MModel#files#metamodels#Ecore.ecore"", ""jlcanovas$gra2mol$examples#Grammar2Model.examples.modsea#files#metamodels#Ecore.ecore""], [""jlcanovas$gra2mol$examples#Grammar2Model.examples.PLSQL2ASTMModel#metamodels#astm.ecore"", ""jlcanovas$gra2mol$examples#Grammar2Model.examples.PLSQL2ASTMModel#metamodels#astm-v2.ecore""], [""jlcanovas$gra2mol$examples#Grammar2Model.examples.modsea#json_files_parsing#output#CalendarView.ecore"", ""jlcanovas$gra2mol$examples#Grammar2Model.examples.modsea#resultModel.ecore""]]",,,,,,
tetrabox/minitl,"[[""tetrabox$minitl$plugins#org.tetrabox.example.minitl.xdsml#model-gen#MinitlMT.ecore"", ""tetrabox$minitl$plugins#org.tetrabox.example.minitl#model#Minitl.ecore""]]",,,,,,
breka/tutorial,"[[""breka$tutorial$gen-common#trunk#org.imogene.oaw.generator.common#src#metamodel#ImogeneModel.ecore"", ""breka$tutorial$model#trunk#org.imogene.model.core#model#ImogeneModel.ecore""]]",,,,,,
donaldh/org.eclipse.tigerstripe,"[[""donaldh$org.eclipse.tigerstripe$samples#EclipseSummit08#EclipseSummit08_annotations#model#designNotes.ecore"", ""donaldh$org.eclipse.tigerstripe$samples#org.eclipse.tigerstripe.annotation.example.designNotes#model#designNotes.ecore""]]",,,,,,
alfa-ryano/gamified-modelling-server,"[[""alfa-ryano$gamified-modelling-server$server#z-gamified-modelling-server#www#common#metamodel#graph.ecore"", ""alfa-ryano$gamified-modelling-server$server#z-gamified-modelling-server#www#common#model#graph.ecore""]]",,,,,,
TatyPerson/cplie,"[[""TatyPerson$cplie$branches#branch_desarrollo#vary.pseudocodigo.dsl.c#model#diagramaPseudocodigo.ecore"", ""TatyPerson$cplie$PseudocodigoEMF#model#diagramaPseudocodigo.ecore"", ""TatyPerson$cplie$vary.pseudocodigo.dsl.c#model#diagramaPseudocodigo.ecore"", ""TatyPerson$cplie$pseudocodigoDSL#model#diagramaPseudocodigo.ecore""]]",,,,,,
atlanmod/Prefetching_Caching_DSL,"[[""atlanmod$Prefetching_Caching_DSL$benchmarks.util#org.eclipse.gmt.modisco.java#model#java.ecore"", ""atlanmod$Prefetching_Caching_DSL$benchmarks.util#org.eclipse.gmt.modisco.java.cdo#model#java.ecore"", ""atlanmod$Prefetching_Caching_DSL$benchmarks.util#org.eclipse.gmt.modisco.java#src#org#eclipse#gmt#modisco#java#emf#impl#java.ecore"", ""atlanmod$Prefetching_Caching_DSL$prefetchml-core#src#test#java#org#eclipse#gmt#modisco#java#impl#java.ecore"", ""atlanmod$Prefetching_Caching_DSL$prefetchml-core#model#java.ecore"", ""atlanmod$Prefetching_Caching_DSL$benchmarks.util#org.eclipse.gmt.modisco.java.neoemf#src#org#eclipse#gmt#modisco#java#neoemf#impl#java.ecore"", ""atlanmod$Prefetching_Caching_DSL$benchmarks.util#org.eclipse.gmt.modisco.java.neoemf#model#java.ecore"", ""atlanmod$Prefetching_Caching_DSL$benchmarks.util#org.eclipse.gmt.modisco.java.cdo#bin#org#eclipse#gmt#modisco#java#cdo#impl#java.ecore"", ""atlanmod$Prefetching_Caching_DSL$benchmarks.util#org.eclipse.gmt.modisco.java.cdo#src#org#eclipse#gmt#modisco#java#cdo#impl#java.ecore""], [""atlanmod$Prefetching_Caching_DSL$benchmarks.util#hu.bme.mit.trainbenchmark#model#railway.ecore"", ""atlanmod$Prefetching_Caching_DSL$benchmarks.util#hu.bme.mit.trainbenchmark.cdo#model#railway.ecore""]]",,,,,,
jaustoolset/jaustoolset,"[[""jaustoolset$jaustoolset$eclipsePlugin#org.jts.eclipse#src-gen#org#jts#eclipse#Cjsidl.ecore"", ""jaustoolset$jaustoolset$eclipsePlugin#org.jts.eclipse#src-gen#org#jts#eclipse#cjsidl#impl#cjsidl.ecore""]]",,,,,,
umple/umple,"[[""umple$umple$cruise.umple.validator#test#cruise#umple#validator#EcoreValidatorTest_invalid.ecore"", ""umple$umple$cruise.umple.validator#test#cruise#umple#validator#EcoreValidatorTest_valid.ecore""]]",,,,,,
fedor4ever/testcreationandmgmt,"[[""fedor4ever$testcreationandmgmt$testdev#svstestdev#script#com.symbian.tef.script#model#comment.ecore"", ""fedor4ever$testcreationandmgmt$testdev#svstestdev#ini#com.symbian.ini#model#comment.ecore""], [""fedor4ever$testcreationandmgmt$testdev#svstestdev#script#com.symbian.tef.script#model#ini.ecore"", ""fedor4ever$testcreationandmgmt$testdev#svstestdev#ini#com.symbian.ini#model#ini.ecore""]]",,,,,,
LearnPAd/learnpad,"[[""LearnPAd$learnpad$lp-questionnaire-manager#src#test#resources#MothiaOut#out.ecore"", ""LearnPAd$learnpad$lp-questionnaire-manager#src#main#resources#MothiaOut#out.ecore""]]",,,,,,
ulrikpaghschultz/RoCo,"[[""ulrikpaghschultz$RoCo$dk.sdu.mmmi.modular.roco2#src-gen#dk#sdu#mmmi#modular#roco2#Roco2.ecore"", ""ulrikpaghschultz$RoCo$dk.sdu.mmmi.modular.roco2#bin#dk#sdu#mmmi#modular#roco2#Roco2.ecore""]]",,,,,,
alxbrd/henshin,"[[""alxbrd$henshin$plugins#org.eclipse.emf.henshin.text.transformation.tests#testCases#bank#bank.ecore"", ""alxbrd$henshin$plugins#org.eclipse.emf.henshin.examples#src#org#eclipse#emf#henshin#examples#bank#bank.ecore"", ""alxbrd$henshin$plugins#org.eclipse.emf.henshin.text.examples#bankModel#bank.ecore""], [""alxbrd$henshin$plugins#org.eclipse.emf.henshin.examples#src#org#eclipse#emf#henshin#examples#combpattern#grid.ecore"", ""alxbrd$henshin$plugins#org.eclipse.emf.henshin.text.transformation.tests#testCases#grid-full_nestedUnits#grid.ecore"", ""alxbrd$henshin$plugins#org.eclipse.emf.henshin.text.transformation.tests#testCases#grid-full#grid.ecore""], [""alxbrd$henshin$plugins#org.eclipse.emf.henshin.examples#src#org#eclipse#emf#henshin#examples#metamodelevolution#petri.ecore"", ""alxbrd$henshin$plugins#org.eclipse.emf.henshin.examples#src#org#eclipse#emf#henshin#examples#metamodelevolution#backup#petri.ecore""], [""alxbrd$henshin$plugins#org.eclipse.emf.henshin.tests#basic#testModelsCPA#injectiveMatchingOptionTest#simpleGraph.ecore"", ""alxbrd$henshin$plugins#org.eclipse.emf.henshin.tests#basic#testModelsCPA#danglingOptionTest#simpleGraph.ecore""], [""alxbrd$henshin$plugins#org.eclipse.emf.henshin.text.transformation.tests#testCases#mutualexclusion#mutualexclusion.ecore"", ""alxbrd$henshin$plugins#org.eclipse.emf.henshin.examples#src#org#eclipse#emf#henshin#examples#mutualexclusion#mutualexclusion.ecore""], [""alxbrd$henshin$plugins#org.eclipse.emf.henshin.examples#src#org#eclipse#emf#henshin#examples#ecore2uml#flowchartdsl.ecore"", ""alxbrd$henshin$plugins#org.eclipse.emf.henshin.examples#src#org#eclipse#emf#henshin#examples#ecore2genmodel#flowchartdsl.ecore""], [""alxbrd$henshin$plugins#org.eclipse.emf.henshin.examples#src#org#eclipse#emf#henshin#examples#simpleclassmodelingrefactoring#ClassModel.ecore"", ""alxbrd$henshin$plugins#org.eclipse.emf.henshin.tests#basic#testModelsCPA#preventDuplicateReferencesTest#ClassModel.ecore""], [""alxbrd$henshin$plugins#org.eclipse.emf.henshin.examples#src#org#eclipse#emf#henshin#examples#movies#movies.ecore"", ""alxbrd$henshin$plugins#org.eclipse.emf.henshin.text.transformation.tests#testCases#movies#movies.ecore""], [""alxbrd$henshin$plugins#org.eclipse.emf.henshin.tests#src#org#eclipse#emf#henshin#tests#giraph#sierpinski.ecore"", ""alxbrd$henshin$plugins#org.eclipse.emf.henshin.examples#src#org#eclipse#emf#henshin#examples#sierpinski#sierpinski.ecore""]]",,,,,,
HerrAugust/University,"[[""HerrAugust$University$Model-Driven Engineering#homework1#model#Metamodels#EMFWebApplication2.ecore"", ""HerrAugust$University$Model-Driven Engineering#homework2#model#Metamodel#EMFWebApplication2.ecore"", ""HerrAugust$University$Model-Driven Engineering#homework3#homework3_EMF#model#EMFWebApplication2.ecore"", ""HerrAugust$University$Model-Driven Engineering#homework4#model#EMFWebApplication.ecore""]]",,,,,,
pirpedro/julianodantas,"[[""pirpedro$julianodantas$spemarti_project#model#spemarti.ecore"", ""pirpedro$julianodantas$spemArti_model#spemarti.ecore""]]",,,,,,
markjohndoyle/hummingbird-gui,"[[""markjohndoyle$hummingbird-gui$xtce-emf#model#xtce.ecore"", ""markjohndoyle$hummingbird-gui$xtce-emf#src#org#omg#space#xtce#impl#xtce.ecore""]]",,,,,,
takarabt/BPMN-Cmof2Ecore,"[[""takarabt$BPMN-Cmof2Ecore$fr.obeo.bpmn.cmof#model#BPMN20.ecore"", ""takarabt$BPMN-Cmof2Ecore$fr.obeo.bpmn.cmof#src#bpmn2#impl#bpmn2.ecore""]]",,,,,,
bongcall/Git_Rep,"[[""bongcall$Git_Rep$com.hangum.tadpole.mongodb.model#model#mongodb.ecore"", ""bongcall$Git_Rep$com.hangum.tadpole.rdb.model#model#rdb.ecore""]]",,,,,,
dat0106/datkts0106,"[[""dat0106$datkts0106$vogella-master#de.vogella.xpand.htmlconvert#src#metamodel#webpage.ecore"", ""dat0106$datkts0106$vogella-master#de.vogella.emf.webpage.model#model#webpage.ecore""]]",,,,,,
dice-project/DICE-Simulation,"[[""dice-project$DICE-Simulation$bundles#es.unizar.disco.pnml.m2m#examples#metamodels#petrinet#hlcorestructure.ecore"", ""dice-project$DICE-Simulation$bundles#es.unizar.disco.pnml.m2m#examples#metamodels#petrinet#pnmlcoremodel.ecore"", ""dice-project$DICE-Simulation$bundles#es.unizar.disco.pnml.m2m#examples#metamodels#petrinet#placeTransition.ecore""]]",,,,,,
kuhbaar/modeleng,"[[""kuhbaar$modeleng$at.ac.tuwien.big.forms#model#forms.ecore"", ""kuhbaar$modeleng$at.ac.tuwien.big.forms.transformations#metamodel#forms.ecore""]]",,,,,,
mdht/mdht-models,"[[""mdht$mdht-models$generated#org.openhealthtools.mdht.uml.cda.ihe#src#org#openhealthtools#mdht#uml#cda#ihe#impl#ihe.ecore"", ""mdht$mdht-models$generated#org.openhealthtools.mdht.uml.cda.ihe#model#ihe.ecore""], [""mdht$mdht-models$generated#org.openhealthtools.mdht.uml.cda.clondata#src#org#openhealthtools#mdht#uml#cda#clondata#impl#clondata.ecore"", ""mdht$mdht-models$generated#org.openhealthtools.mdht.uml.cda.clondata#model#clondata.ecore""], [""mdht$mdht-models$generated#org.openhealthtools.mdht.uml.cda.ccd#model#ccd.ecore"", ""mdht$mdht-models$generated#org.openhealthtools.mdht.uml.cda.ccd#src#org#openhealthtools#mdht#uml#cda#ccd#impl#ccd.ecore""]]",,,,,,
marcotinacci/SwarmRobotics,"[[""marcotinacci$SwarmRobotics$SEAL#unifi.marcotinacci.thesis.seal#bin#unifi#marcotinacci#thesis#seal#Seal.ecore"", ""marcotinacci$SwarmRobotics$SEAL#unifi.marcotinacci.thesis.seal#src-gen#unifi#marcotinacci#thesis#seal#Seal.ecore""]]",,,,,,
sschindler/ame13mt,"[[""sschindler$ame13mt$at.ac.tuwien.big.ame13.atl2java.atl#model#B.ecore"", ""sschindler$ame13mt$at.ac.tuwien.big.ame13.atl2java.gen#testmodel#B.ecore""], [""sschindler$ame13mt$at.ac.tuwien.big.ame13.atl2java.atl#model#A.ecore"", ""sschindler$ame13mt$at.ac.tuwien.big.ame13.atl2java.gen#testmodel#A.ecore""]]",,,,,,
ramses-project/ramses,"[[""ramses-project$ramses$model2model#fr.tpt.atl.utils#metamodels#TIP.ecore"", ""ramses-project$ramses$model2model#fr.tpt.aadl.ramses.transformation.tip#model#TIP.ecore"", ""ramses-project$ramses$model2model#fr.tpt.aadl.ramses.transformation.merge.launcher#metamodels#TIP.ecore""], [""ramses-project$ramses$model2model#fr.tpt.aadl.ramses.transformation.trc#metamodels#TRC.ecore"", ""ramses-project$ramses$model2model#fr.tpt.aadl.ramses.transformation.trc#model#TRC.ecore""], [""ramses-project$ramses$model2model#fr.tpt.aadl.ramses.transformation.merge.launcher#metamodels#ATL.ecore"", ""ramses-project$ramses$model2model#fr.tpt.atl.utils#metamodels#ATL.ecore""]]",,,,,,
Serranya/org.eclipse.oomph,"[[""Serranya$org.eclipse.oomph$setups#models#Predicates.ecore"", ""Serranya$org.eclipse.oomph$plugins#org.eclipse.oomph.predicates#model#Predicates.ecore"", ""Serranya$org.eclipse.oomph$plugins#org.eclipse.oomph.base#model#legacy#predicates.ecore""], [""Serranya$org.eclipse.oomph$setups#models#WorkingSets.ecore"", ""Serranya$org.eclipse.oomph$plugins#org.eclipse.oomph.workingsets#model#WorkingSets.ecore"", ""Serranya$org.eclipse.oomph$plugins#org.eclipse.oomph.base#model#legacy#workingsets.ecore""], [""Serranya$org.eclipse.oomph$setups#models#Targlets.ecore"", ""Serranya$org.eclipse.oomph$plugins#org.eclipse.oomph.targlets#model#Targlets.ecore""], [""Serranya$org.eclipse.oomph$plugins#org.eclipse.oomph.setup.git#model#Git.ecore"", ""Serranya$org.eclipse.oomph$setups#models#Git.ecore""], [""Serranya$org.eclipse.oomph$setups#models#JDT.ecore"", ""Serranya$org.eclipse.oomph$plugins#org.eclipse.oomph.setup.jdt#model#JDT.ecore""], [""Serranya$org.eclipse.oomph$plugins#org.eclipse.oomph.setup.mylyn#model#Mylyn.ecore"", ""Serranya$org.eclipse.oomph$setups#models#Mylyn.ecore""], [""Serranya$org.eclipse.oomph$plugins#org.eclipse.oomph.setup.pde#model#PDE.ecore"", ""Serranya$org.eclipse.oomph$setups#models#PDE.ecore""], [""Serranya$org.eclipse.oomph$setups#models#Maven.ecore"", ""Serranya$org.eclipse.oomph$plugins#org.eclipse.oomph.setup.maven#model#Maven.ecore""], [""Serranya$org.eclipse.oomph$plugins#org.eclipse.oomph.resources#model#Resources.ecore"", ""Serranya$org.eclipse.oomph$setups#models#Resources.ecore""], [""Serranya$org.eclipse.oomph$plugins#org.eclipse.oomph.setup.workbench#model#Workbench.ecore"", ""Serranya$org.eclipse.oomph$setups#models#Workbench.ecore""], [""Serranya$org.eclipse.oomph$setups#models#SetupTarglets.ecore"", ""Serranya$org.eclipse.oomph$plugins#org.eclipse.oomph.setup.targlets#model#SetupTarglets.ecore""], [""Serranya$org.eclipse.oomph$setups#models#Projects.ecore"", ""Serranya$org.eclipse.oomph$plugins#org.eclipse.oomph.setup.projects#model#Projects.ecore""], [""Serranya$org.eclipse.oomph$plugins#org.eclipse.oomph.projectconfig#model#ProjectConfig.ecore"", ""Serranya$org.eclipse.oomph$plugins#org.eclipse.oomph.base#model#legacy#projectconfig.ecore""]]",,,,,,
pleleux-enseeiht/turnt-adventure-micro-projects,"[[""pleleux-enseeiht$turnt-adventure-micro-projects$Process-Model-Validation#Part2#src#PetriNet.ecore"", ""pleleux-enseeiht$turnt-adventure-micro-projects$Process-Model-Validation#Part1#src#PetriNet.ecore""]]",,,,,,
eMoflon/emoflon-ibex-examples,"[[""eMoflon$emoflon-ibex-examples$sokoban#version4#SokobanLanguage#model#SokobanLanguage.ecore"", ""eMoflon$emoflon-ibex-examples$sokoban#version2#SokobanLanguage#model#SokobanLanguage.ecore"", ""eMoflon$emoflon-ibex-examples$sokoban#version3#SokobanLanguage#model#SokobanLanguage.ecore""], [""eMoflon$emoflon-ibex-examples$socialNetworkSynchronisation#version3#FacebookLanguage#model#FacebookLanguage.ecore"", ""eMoflon$emoflon-ibex-examples$socialNetworkSynchronisation#version4#FacebookLanguage#model#FacebookLanguage.ecore""], [""eMoflon$emoflon-ibex-examples$socialNetworkSynchronisation#version2#InstagramLanguage#model#InstagramLanguage.ecore"", ""eMoflon$emoflon-ibex-examples$socialNetworkSynchronisation#version1#InstagramLanguage#model#InstagramLanguage.ecore""], [""eMoflon$emoflon-ibex-examples$socialNetworkSynchronisation#version3#InstagramLanguage#model#InstagramLanguage.ecore"", ""eMoflon$emoflon-ibex-examples$socialNetworkSynchronisation#version4#InstagramLanguage#model#InstagramLanguage.ecore""]]",,,,,,
patrickneubauer/ECSS,"[[""patrickneubauer$ECSS$sts-example#meta-modelling#spacetransportationservice#model#spacetransportationservice.ecore"", ""patrickneubauer$ECSS$evaluation#default-ecore#StsLanguageDefault.ecore"", ""patrickneubauer$ECSS$data-example#spacetransportationservice.ecore"", ""patrickneubauer$ECSS$evaluation#default-ecore#StsLanguageWsAware.ecore""], [""patrickneubauer$ECSS$data-example#analysis#default-ecore#Yang.ecore"", ""patrickneubauer$ECSS$evaluation#default-ecore#YANG_4.ecore""], [""patrickneubauer$ECSS$evaluation#default-ecore#PP_2.ecore"", ""patrickneubauer$ECSS$evaluation#default-ecore#PP_1.ecore""], [""patrickneubauer$ECSS$data-example#analysis#default-ecore#Router.ecore"", ""patrickneubauer$ECSS$evaluation#default-ecore#Router.ecore""]]",,,,,,
signalsaeed/IFCParser,"[[""signalsaeed$IFCParser$BimServer#src#org#bimserver#database#migrations#steps#IFC4.ecore"", ""signalsaeed$IFCParser$Shared#generated#org#bimserver#models#ifc4#impl#ifc4.ecore""], [""signalsaeed$IFCParser$Shared#generated#org#bimserver#models#ifc2x3tc1#impl#ifc2x3tc1.ecore"", ""signalsaeed$IFCParser$BimServer#src#org#bimserver#database#migrations#steps#IFC2X3_TC1.ecore""]]",,,,,,
pyecore/pyecore,"[[""pyecore$pyecore$tests#xmi#xmi-tests#My_noprefix.ecore"", ""pyecore$pyecore$tests#xmi#xmi-tests#My2.ecore"", ""pyecore$pyecore$tests#xmi#xmi-tests#EcoreInheritance.ecore"", ""pyecore$pyecore$tests#xmi#xmi-tests#My.ecore""]]",,,,,,
mcdeck/visualrest,"[[""mcdeck$visualrest$docs#Metamodel#src#Rest.ecore"", ""mcdeck$visualrest$src#de.van_porten.vrest.core#model#Rest.ecore""], [""mcdeck$visualrest$src#de.van_porten.vrest.core#model#RestStructure.ecore"", ""mcdeck$visualrest$docs#Metamodel#src#RestStructure.ecore""], [""mcdeck$visualrest$src#de.van_porten.vrest.core#model#RestBehavior.ecore"", ""mcdeck$visualrest$docs#Metamodel#src#RestBehavior.ecore""]]",,,,,,
davidediruscio/evoss,"[[""davidediruscio$evoss$it.univaq.mancoosi.packagemm#src#it#univaq#mancoosi#packagemm#impl#packagemm.ecore"", ""davidediruscio$evoss$it.univaq.mancoosi.injectors.packages#files#metamodels#packagemm.ecore"", ""davidediruscio$evoss$it.univaq.mancoosi.injectors.packages#files#metamodels#packagemm_OLD_conditionIFvalue.ecore"", ""davidediruscio$evoss$it.univaq.mancoosi.simulator#modelTypes#packagemm.ecore"", ""davidediruscio$evoss$it.univaq.mancoosi.packagemm#model#packagemm.ecore"", ""davidediruscio$evoss$bundles#mancoosi-injector#pkginject#files#metamodels#packagemm.ecore"", ""davidediruscio$evoss$bundles#mancoosi-injector#pkginject#files#metamodels#packagemm_OLD_conditionIFvalue.ecore"", ""davidediruscio$evoss$bundles#mancoosi-simulator#modelTypes#packagemm.ecore""], [""davidediruscio$evoss$it.univaq.mancoosi.positionmm#model#positionmm.ecore"", ""davidediruscio$evoss$it.univaq.mancoosi.simulator#modelTypes#positionmm.ecore"", ""davidediruscio$evoss$bundles#mancoosi-simulator#modelTypes#positionmm.ecore""], [""davidediruscio$evoss$it.univaq.mancoosi.simulator#modelTypes#mancoosimm.ecore"", ""davidediruscio$evoss$it.univaq.mancoosi.mancoosimm#model#mancoosimm.ecore"", ""davidediruscio$evoss$bundles#mancoosi-simulator#modelTypes#mancoosimm.ecore""], [""davidediruscio$evoss$it.univaq.mancoosi.simulator#modelTypes#errormm.ecore"", ""davidediruscio$evoss$it.univaq.mancoosi.errormm#model#errormm.ecore"", ""davidediruscio$evoss$bundles#mancoosi-simulator#modelTypes#errormm.ecore""], [""davidediruscio$evoss$bundles#mancoosi-injector#pkginject#files#metamodels#Gra2MoL.ecore"", ""davidediruscio$evoss$it.univaq.mancoosi.injectors.packages#files#metamodels#Gra2MoL.ecore""], [""davidediruscio$evoss$bundles#mancoosi-simulator#modelTypes#ATL-0.2.ecore"", ""davidediruscio$evoss$it.univaq.mancoosi.simulator#modelTypes#ATL-0.2.ecore""], [""davidediruscio$evoss$injectors_old#it.univaq.mancoosi.injector.systemconfiguration#src#mancoosi#impl#mancoosi.ecore"", ""davidediruscio$evoss$injectors_old#it.univaq.mancoosi.injector.systemconfiguration#model#mancoosi.ecore""], [""davidediruscio$evoss$bundles#mancoosi-injector#pkginject#files#metamodels#CST.ecore"", ""davidediruscio$evoss$it.univaq.mancoosi.injectors.packages#files#metamodels#CST.ecore""]]",,,,,,
GRA-UML/tool,"[[""GRA-UML$tool$plugins#org.ijis.gra.annotation#deprecated#model.old3#types.ecore"", ""GRA-UML$tool$plugins#org.ijis.gra.uml.resources#src#main#resources#model#types.ecore"", ""GRA-UML$tool$plugins#org.ijis.gra.annotation#src#main#resources#model#types.ecore"", ""GRA-UML$tool$plugins#org.ijis.gra.annotation#deprecated#model.old2#types.ecore"", ""GRA-UML$tool$plugins#org.ijis.gra.annotation#deprecated#model.old#types.ecore"", ""GRA-UML$tool$plugins#org.ijis.gra.annotation#src#main#resources#modelTest#types.ecore""], [""GRA-UML$tool$plugins#org.ijis.gra.annotation#src#main#resources#modelTest#data.ecore"", ""GRA-UML$tool$plugins#org.ijis.gra.annotation#deprecated#model.new#GRAIntermediateModel.test.ecore"", ""GRA-UML$tool$plugins#org.ijis.gra.annotation#src#main#resources#model#data.ecore"", ""GRA-UML$tool$plugins#org.ijis.gra.annotation#deprecated#model.old3#data.ecore""], [""GRA-UML$tool$plugins#org.ijis.gra.annotation#deprecated#model.old#data.ecore"", ""GRA-UML$tool$plugins#org.ijis.gra.uml.resources#src#main#resources#model#GRAAnnotationModel.ecore"", ""GRA-UML$tool$plugins#org.ijis.gra.annotation#deprecated#model.old2#data.ecore""]]",,,,,,
atlanmod/EMFTVM-D,"[[""atlanmod$EMFTVM-D$usecases#org.eclipse.m2m.atl.research.aml#examples#Adaptation#Metamodels#ATL.ecore"", ""atlanmod$EMFTVM-D$tests#org.eclipse.m2m.atl.tests#data#inputs#ATL2Problem#ATL-0.2.ecore"", ""atlanmod$EMFTVM-D$tests#org.eclipse.m2m.atl.tests#data#inputs#DSLBridge#ATL-0.2.ecore"", ""atlanmod$EMFTVM-D$deprecated#org.atl.eclipse.engine#src#org#atl#eclipse#engine#resources#ATL-0.2.ecore"", ""atlanmod$EMFTVM-D$usecases#org.eclipse.m2m.atl.research.aml#plugins#org.eclipse.m2m.atl.research.aml.engine#Metamodels#ATL.ecore"", ""atlanmod$EMFTVM-D$plugins#org.eclipse.m2m.atl.dsls#resources#ATL#Metamodel#ATL.ecore"", ""atlanmod$EMFTVM-D$tests#org.eclipse.m2m.atl.tests#models#ATL-0.2.ecore"", ""atlanmod$EMFTVM-D$plugins#org.eclipse.m2m.atl.common#src#org#eclipse#m2m#atl#common#resources#ATL.ecore""], [""atlanmod$EMFTVM-D$tests#org.eclipse.m2m.atl.tests#data#inputs#DSLBridge#XML.ecore"", ""atlanmod$EMFTVM-D$tests#org.eclipse.m2m.atl.tests#data#inputs#Ant2Maven#XMLProject.ecore"", ""atlanmod$EMFTVM-D$usecases#org.eclipse.m2m.atl.research.aml#plugins#org.eclipse.m2m.atl.research.aml.engine#Metamodels#XML.ecore"", ""atlanmod$EMFTVM-D$tests#org.eclipse.m2m.atl.tests#data#inputs#AssertionModification#XML.ecore"", ""atlanmod$EMFTVM-D$tests#org.eclipse.m2m.atl.tests#data#inputs#Ant2Maven#XMLMaven.ecore"", ""atlanmod$EMFTVM-D$tests#org.eclipse.m2m.atl.tests#data#inputs#Book2Publication#XML.ecore"", ""atlanmod$EMFTVM-D$tests#org.eclipse.m2m.atl.tests#data#inputs#Ant2Maven#XML.ecore""], [""atlanmod$EMFTVM-D$usecases#org.eclipse.m2m.atl.research.aml#dsls#AML#Metamodel#TCS.ecore"", ""atlanmod$EMFTVM-D$usecases#org.eclipse.m2m.atl.research.aml#plugins#org.eclipse.m2m.atl.research.aml.engine#Metamodels#TCS.ecore"", ""atlanmod$EMFTVM-D$plugins#org.eclipse.m2m.atl.service.core#resources#TCS.ecore"", ""atlanmod$EMFTVM-D$deprecated#org.atl.eclipse.km3#src#org#atl#eclipse#km3#resources#TCS.ecore"", ""atlanmod$EMFTVM-D$plugins#org.eclipse.m2m.atl.engine#src#org#eclipse#m2m#atl#engine#parser#resources#TCS.ecore"", ""atlanmod$EMFTVM-D$plugins#org.eclipse.m2m.atl.emftvm.compiler#metamodels#TCS.ecore""], [""atlanmod$EMFTVM-D$tests#org.eclipse.m2m.atl.emftvm.tests#test-data#Regression#Bug413110Inheritance-out.ecore"", ""atlanmod$EMFTVM-D$tests#org.eclipse.m2m.atl.emftvm.tests#test-data#EcoreCopy#My.ecore"", ""atlanmod$EMFTVM-D$tests#org.eclipse.m2m.atl.emftvm.tests#test-data#Regression#Bug413110-out.ecore"", ""atlanmod$EMFTVM-D$tests#org.eclipse.m2m.atl.emftvm.tests#test-data#EcoreCopy#My-out.ecore"", ""atlanmod$EMFTVM-D$tests#org.eclipse.m2m.atl.emftvm.tests#test-data#Regression#Bug411230-out.ecore""], [""atlanmod$EMFTVM-D$usecases#org.eclipse.m2m.atl.research.aml#plugins#org.eclipse.m2m.atl.research.aml.engine#Metamodels#EqualMM.ecore"", ""atlanmod$EMFTVM-D$usecases#org.eclipse.m2m.atl.research.aml#examples#Adaptation#Metamodels#EqualMM.ecore"", ""atlanmod$EMFTVM-D$usecases#org.eclipse.m2m.atl.research.aml#dsls#AML#Metamodel#EqualMM.ecore""], [""atlanmod$EMFTVM-D$usecases#org.eclipse.m2m.atl.research.aml#plugins#org.eclipse.m2m.atl.research.aml.engine#Metamodels#KM3.ecore"", ""atlanmod$EMFTVM-D$deprecated#org.atl.eclipse.km3#src#org#atl#eclipse#km3#resources#KM3.ecore"", ""atlanmod$EMFTVM-D$usecases#org.eclipse.m2m.atl.research.aml#examples#Adaptation#Metamodels#KM3.ecore""], [""atlanmod$EMFTVM-D$plugins#org.eclipse.m2m.atl.common#src#org#eclipse#m2m#atl#common#resources#Problem.ecore"", ""atlanmod$EMFTVM-D$deprecated#org.atl.eclipse.engine#src#org#atl#eclipse#engine#resources#Problem.ecore"", ""atlanmod$EMFTVM-D$tests#org.eclipse.m2m.atl.tests#data#inputs#ATL2Problem#Problem.ecore""], [""atlanmod$EMFTVM-D$doc#org.eclipse.m2m.atl.doc#guide#tutorials#src#Persons.ecore"", ""atlanmod$EMFTVM-D$tests#org.eclipse.m2m.atl.tests#data#inputs#Families2Persons#Persons.ecore""], [""atlanmod$EMFTVM-D$usecases#org.eclipse.m2m.atl.research.aml#dsls#AML#Metamodel#AntScripts.ecore"", ""atlanmod$EMFTVM-D$usecases#org.eclipse.m2m.atl.research.aml#plugins#org.eclipse.m2m.atl.research.aml.engine#Metamodels#AntScripts.ecore""], [""atlanmod$EMFTVM-D$tests#org.eclipse.m2m.atl.tests#data#expected#atl2010#SampleUML.ecore"", ""atlanmod$EMFTVM-D$tests#org.eclipse.m2m.atl.tests#data#inputs#atl2010#SampleUML.ecore""], [""atlanmod$EMFTVM-D$plugins#org.eclipse.m2m.atl.dsls#resources#ATL#RuntimeSupport#RefiningTrace.ecore"", ""atlanmod$EMFTVM-D$plugins#org.eclipse.m2m.atl.common#src#org#eclipse#m2m#atl#common#resources#RefiningTrace.ecore""], [""atlanmod$EMFTVM-D$tests#org.eclipse.m2m.atl.tests#data#inputs#Families2Persons#Families.ecore"", ""atlanmod$EMFTVM-D$doc#org.eclipse.m2m.atl.doc#guide#tutorials#src#Families.ecore""], [""atlanmod$EMFTVM-D$tests#org.eclipse.m2m.atl.tests#data#inputs#Relational2UML#relational.ecore"", ""atlanmod$EMFTVM-D$tests#org.eclipse.m2m.atl.tests#data#inputs#UML2Relational#relational.ecore""]]",,,,,,
Treehopper/EclipseAugments,"[[""Treehopper$EclipseAugments$liquibase-editor#eu.hohenegger.xsd.liquibase#model#dbchangelog.ecore"", ""Treehopper$EclipseAugments$liquibase-editor#eu.hohenegger.xsd.liquibase#src-gen#org#liquibase#xml#ns#dbchangelog#impl#dbchangelog.ecore""]]",,,,,,
luciofernandes/reercase,"[[""luciofernandes$reercase$br.ufpe.cin.eercase.m2t#src#relational.ecore"", ""luciofernandes$reercase$br.ufpe.cin.eercase.m2t#bin#relational.ecore""]]",,,,,,
rytina/cdo-light,"[[""rytina$cdo-light$cdo#org.eclipse.emf.cdo.tests#model1.ecore"", ""rytina$cdo-light$cdo#org.eclipse.emf.cdo.tests.model1#model#model1.ecore""]]",,,,,,
abreslav/java2ecore,"[[""abreslav$java2ecore$org.abreslav.java2ecore.tests#imported_model.ecore"", ""abreslav$java2ecore$org.abreslav.java2ecore.tests#model.expected#imported_model.ecore""], [""abreslav$java2ecore$org.abreslav.java2ecore.tests#model.expected#another_model.ecore"", ""abreslav$java2ecore$org.abreslav.java2ecore.tests#another_model.ecore""]]",,,,,,
mvalle/model-generator,"[[""mvalle$model-generator$model-generator#src#uk#ac#york#cs#mv525#modelgen#test#data#metamodels#orgchart.ecore"", ""mvalle$model-generator$model-generator#models#orgchart.ecore""], [""mvalle$model-generator$model-generator#src#uk#ac#york#cs#mv525#modelgen#config#Config.ecore"", ""mvalle$model-generator$model-generator#src#uk#ac#york#cs#mv525#modelgen#test#data#metamodels#Config.ecore""]]",,,,,,
cvgaviao/EPF-Composer,"[[""cvgaviao$EPF-Composer$1.5#plugins#org.eclipse.epf.uma#model#1.0.5#uma.ecore"", ""cvgaviao$EPF-Composer$1.5#plugins#org.eclipse.epf.uma#model#1.0.2#uma.ecore"", ""cvgaviao$EPF-Composer$1.5#plugins#org.eclipse.epf.uma#model#1.0.6#uma.ecore"", ""cvgaviao$EPF-Composer$1.5#plugins#org.eclipse.epf.uma#model#1.0.3#uma.ecore"", ""cvgaviao$EPF-Composer$1.5#plugins#org.eclipse.epf.uma#model#1.0.4#uma.ecore""], [""cvgaviao$EPF-Composer$1.5#plugins#org.eclipse.epf.diagram.model#model#diagram.ecore"", ""cvgaviao$EPF-Composer$1.5#plugins#org.eclipse.epf.diagram.add#model#diagram.ecore""], [""cvgaviao$EPF-Composer$1.5#plugins#org.eclipse.epf.msproject#src#org#eclipse#epf#msproject#impl#msproject.ecore"", ""cvgaviao$EPF-Composer$1.5#plugins#org.eclipse.epf.msproject#model#msproject.ecore""]]",,,,,,
TatyPerson/Vary,"[[""TatyPerson$Vary$vary.pseudocodigo.dsl.c#model#diagramaPseudocodigo.ecore"", ""TatyPerson$Vary$PseudocodigoEMF#model#diagramaPseudocodigo.ecore""]]",,,,,,
atlanmod/csy-traceability,"[[""atlanmod$csy-traceability$logs-metamodel#metamodels#Log.ecore"", ""atlanmod$csy-traceability$views#fallback#Log.ecore"", ""atlanmod$csy-traceability$jtl.log2b-extended#metamodels#Log.ecore""], [""atlanmod$csy-traceability$b-metamodel#metamodels#B.ecore"", ""atlanmod$csy-traceability$jtl.log2b-extended#metamodels#B.ecore""], [""atlanmod$csy-traceability$bxml-emf#metamodel#Bxml.ecore"", ""atlanmod$csy-traceability$bxml-emf#src#bxml#impl#bxml.ecore""]]",,,,,,
GordinMaxim/handy-model,"[[""GordinMaxim$handy-model$model#TaskProperties.ecore"", ""GordinMaxim$handy-model$src-gen#org#novosoft#task#base#properties#properties.ecore""], [""GordinMaxim$handy-model$src-gen#org#novosoft#task#base#task.ecore"", ""GordinMaxim$handy-model$model#Task.ecore""]]",,,,,,
ipa320/bride,"[[""ipa320$bride$bride_compilers#src#models#smach.ecore"", ""ipa320$bride$bride_plugin_source#src#org.ros.model.ros#model#smach.ecore"", ""ipa320$bride$bride_compilers#bin#models#smach.ecore""], [""ipa320$bride$bride_compilers#src#models#ros.ecore"", ""ipa320$bride$bride_compilers#bin#models#ros.ecore""], [""ipa320$bride$bride_plugin_source#src#org.best.of.robotics.dsl.smach#bin#org#best#of#robotics#SmachDSL.ecore"", ""ipa320$bride$bride_plugin_source#src#org.best.of.robotics.dsl.smach#src-gen#org#best#of#robotics#SmachDSL.ecore""]]",,,,,,
jjfraney/tjpeditor,"[[""jjfraney$tjpeditor$org.jjflyboy.tjpeditor#src-gen#org#jjflyboy#tjpeditor#Project.ecore"", ""jjfraney$tjpeditor$org.jjflyboy.tjpeditor#src-gen#org#jjflyboy#tjpeditor#project#impl#project.ecore""]]",,,,,,
masagroup/soft,"[[""masagroup$soft$go#ecore#testdata#bookStore.ecore"", ""masagroup$soft$cpp#tests#ecore.tests#data#bookStore.ecore""]]",,,,,,
MPez/RT-Druid_SRT,"[[""MPez$RT-Druid_SRT$testing#core#plugin_rtd_core_tests#src#com#eu#evidence#rtdruid#epackage#data_addition__result.ecore"", ""MPez$RT-Druid_SRT$sources#core#plugin_rtd_core#emf_model#rtdruid_base_model.ecore"", ""MPez$RT-Druid_SRT$testing#core#plugin_rtd_core_tests#src#com#eu#evidence#rtdruid#epackage#data.ecore""]]",,,,,,
Miroslawas/ModelDrivenDevelopment,"[[""Miroslawas$ModelDrivenDevelopment$OppaSettings#org.xpand.oppa#src#metamodel#feature.ecore"", ""Miroslawas$ModelDrivenDevelopment$OppaSettings#org.xpand.oppa#bin#metamodel#feature.ecore"", ""Miroslawas$ModelDrivenDevelopment$OppaSettings#OppaSetting#Model#feature.ecore""]]",,,,,,
antoniogarmendia/Hawk-EMFSplitter_Integration,"[[""antoniogarmendia$Hawk-EMFSplitter_Integration$org.miso.mondo.wt.cs#patterns#StateMachineUnnamed.ecore"", ""antoniogarmendia$Hawk-EMFSplitter_Integration$org.miso.mondo.wt.cs#patterns#StateMachine.ecore""]]",variation of the meta-model. Testing or benchmarking a tool?,,,,,
realmethods-public/CLI,"[[""realmethods-public$CLI$samples#models#bowling2.ecore"", ""realmethods-public$CLI$samples#models#bowling.ecore""]]",Exactly the same meta-model is used to test/benchmark a tool. Bad practice? It is the same meta-model.,,,,,
FitashUlHaq/PivotBasedQvto,"[[""FitashUlHaq$PivotBasedQvto$tests#org.eclipse.m2m.tests.qvt.oml#parserTestData#models#resolve_vardeclcond#in.ecore"", ""FitashUlHaq$PivotBasedQvto$tests#org.eclipse.m2m.tests.qvt.oml#parserTestData#models#resolve_resolveoneIn#in.ecore"", ""FitashUlHaq$PivotBasedQvto$tests#org.eclipse.m2m.tests.qvt.oml#parserTestData#models#bug244701#in.ecore"", ""FitashUlHaq$PivotBasedQvto$tests#org.eclipse.m2m.tests.qvt.oml#parserTestData#models#resolve_resolveone#in.ecore"", ""FitashUlHaq$PivotBasedQvto$tests#org.eclipse.m2m.tests.qvt.oml#parserTestData#models#resolve_vardeclcondwithvar#in.ecore"", ""FitashUlHaq$PivotBasedQvto$tests#org.eclipse.m2m.tests.qvt.oml#parserTestData#models#resolve_resolveIn#in.ecore"", ""FitashUlHaq$PivotBasedQvto$tests#org.eclipse.m2m.tests.qvt.oml#parserTestData#models#resolve_notype#in.ecore"", ""FitashUlHaq$PivotBasedQvto$tests#org.eclipse.m2m.tests.qvt.oml#parserTestData#models#resolve_type#in.ecore"", ""FitashUlHaq$PivotBasedQvto$tests#org.eclipse.m2m.tests.qvt.oml#parserTestData#models#resolve_vardecl#in.ecore"", ""FitashUlHaq$PivotBasedQvto$tests#org.eclipse.m2m.tests.qvt.oml#parserTestData#models#bug233984#in.ecore"", ""FitashUlHaq$PivotBasedQvto$tests#org.eclipse.m2m.tests.qvt.oml#parserTestData#models#resolve_lateresolveoneIn#in.ecore"", ""FitashUlHaq$PivotBasedQvto$tests#org.eclipse.m2m.tests.qvt.oml#parserTestData#models#resolve_lateresolveoneInaccess#in.ecore"", ""FitashUlHaq$PivotBasedQvto$tests#org.eclipse.m2m.tests.qvt.oml#parserTestData#models#bug205303_1#in.ecore"", ""FitashUlHaq$PivotBasedQvto$tests#org.eclipse.m2m.tests.qvt.oml#parserTestData#models#resolve_invresolveoneIn#in.ecore""], [""FitashUlHaq$PivotBasedQvto$tests#org.eclipse.m2m.tests.qvt.oml#parserTestData#models#bug2437_5#expected.ecore"", ""FitashUlHaq$PivotBasedQvto$tests#org.eclipse.m2m.tests.qvt.oml#parserTestData#models#bug2839#expected.ecore"", ""FitashUlHaq$PivotBasedQvto$tests#org.eclipse.m2m.tests.qvt.oml#parserTestData#models#bug2437_4#expected.ecore"", ""FitashUlHaq$PivotBasedQvto$tests#org.eclipse.m2m.tests.qvt.oml#parserTestData#models#bug2437_3#expected.ecore"", ""FitashUlHaq$PivotBasedQvto$tests#org.eclipse.m2m.tests.qvt.oml#parserTestData#models#bug2787#expected.ecore"", ""FitashUlHaq$PivotBasedQvto$tests#org.eclipse.m2m.tests.qvt.oml#parserTestData#models#bug2437_2#expected.ecore""], [""FitashUlHaq$PivotBasedQvto$tests#org.eclipse.m2m.tests.qvt.oml#parserTestData#models#resolve_vardecl#expected.ecore"", ""FitashUlHaq$PivotBasedQvto$tests#org.eclipse.m2m.tests.qvt.oml#parserTestData#models#resolve_type#expected.ecore"", ""FitashUlHaq$PivotBasedQvto$tests#org.eclipse.m2m.tests.qvt.oml#parserTestData#models#resolve_vardeclcond#expected.ecore""], [""FitashUlHaq$PivotBasedQvto$examples#org.eclipse.qvto.examples.pivot.qvtoperational#model#QVTOperational.ecore"", ""FitashUlHaq$PivotBasedQvto$archive#org.eclipse.m2m.qvt.oml.ecore.qvtoperational#model#QVTOperational.ecore"", ""FitashUlHaq$PivotBasedQvto$archive#org.eclipse.m2m.qvt.oml.emof.qvtoperational#model#QVTOperational.ecore""], [""FitashUlHaq$PivotBasedQvto$examples#org.eclipse.qvto.examples.pivot.imperativeocl#model#ImperativeOCL.ecore"", ""FitashUlHaq$PivotBasedQvto$plugins#org.eclipse.m2m.qvt.oml.ecore.imperativeocl#model#ImperativeOCL.ecore"", ""FitashUlHaq$PivotBasedQvto$archive#org.eclipse.m2m.qvt.oml.emof.imperativeocl#model#ImperativeOCL.ecore""], [""FitashUlHaq$PivotBasedQvto$tests#org.eclipse.m2m.tests.qvt.oml#parserTestData#models#bug274105_274505#in.ecore"", ""FitashUlHaq$PivotBasedQvto$tests#org.eclipse.m2m.tests.qvt.oml#parserTestData#models#bug420970#in.ecore""], [""FitashUlHaq$PivotBasedQvto$plugins#org.eclipse.m2m.qvt.oml.samples#models#SimpleUML.ecore"", ""FitashUlHaq$PivotBasedQvto$examples#org.eclipse.m2m.qvt.oml.econ2009.tutorial#projects#qvto.Uml2Xhtml.composite#model#SimpleUML.ecore""], [""FitashUlHaq$PivotBasedQvto$tests#org.eclipse.m2m.tests.qvt.oml#parserTestData#models#numconversion#mm.ecore"", ""FitashUlHaq$PivotBasedQvto$tests#org.eclipse.m2m.tests.qvt.oml.ui#debuggerTestData#models#numconversion#mm.ecore""], [""FitashUlHaq$PivotBasedQvto$tests#org.eclipse.m2m.tests.qvt.oml#parserTestData#models#oclannotation#metamodel.ecore"", ""FitashUlHaq$PivotBasedQvto$tests#org.eclipse.m2m.tests.qvt.oml.ui#debuggerTestData#models#oclannotation#metamodel.ecore""], [""FitashUlHaq$PivotBasedQvto$tests#org.eclipse.m2m.tests.qvt.oml#parserTestData#models#_while_261024#expected.ecore"", ""FitashUlHaq$PivotBasedQvto$tests#org.eclipse.m2m.tests.qvt.oml#parserTestData#models#_while#expected.ecore""], [""FitashUlHaq$PivotBasedQvto$examples#org.eclipse.m2m.qvt.oml.econ2009.tutorial#projects#qvto.Uml2Xhtml.composite#model#taipan.ecore"", ""FitashUlHaq$PivotBasedQvto$examples#org.eclipse.m2m.qvt.oml.econ2009.tutorial#projects#qvto.ecore2uml#in#taipan.ecore""]]",Variations toy meta-model is reused for testing several aspects of the tool.,,,,,
leodejevga/Model-Testing,"[[""leodejevga$Model-Testing$pathsTest_123-456#files#bank#bank.ecore"", ""leodejevga$Model-Testing$org.eclipse.emf.henshin.examples#src#org#eclipse#emf#henshin#examples#bank#bank.ecore""]]",same meta-model. Several projects in the same repo that reuses the same meta-model as example or testing.,,,,,
feroshjacob/research,"[[""feroshjacob$research$cs.ua.edu.segroup.mapredoop#bin#cs#ua#edu#se#MapRedoop.ecore"", ""feroshjacob$research$cs.ua.edu.segroup.mapredoop#src-gen#cs#ua#edu#se#MapRedoop.ecore""]]",the meta-model is written with xtext. Then the meta-model is created in src-gen and bin. Bad practice.,,,,,
mde-mirage/cose,"[[""mde-mirage$cose$stateful#parser-injector#org.xtext.firewall.iptables#src-gen#org#xtext#example#iptables#Iptables.ecore"", ""mde-mirage$cose$stateful#metamodels#Iptables.ecore"", ""mde-mirage$cose$stateful#parser-injector#org.xtext.firewall.iptables#bin#org#xtext#example#iptables#Iptables.ecore""]]","weird src-gen and bin… double check, this seems a bad practice",,,,,
b-studios/henshin,"[[""b-studios$henshin$plugins#org.eclipse.emf.henshin.examples#src#org#eclipse#emf#henshin#examples#sierpinski#sierpinski.ecore"", ""b-studios$henshin$plugins#org.eclipse.emf.henshin.tests#src#org#eclipse#emf#henshin#tests#giraph#sierpinski.ecore""], [""b-studios$henshin$plugins#org.eclipse.emf.henshin.examples#src#org#eclipse#emf#henshin#examples#metamodelevolution#backup#petri.ecore"", ""b-studios$henshin$plugins#org.eclipse.emf.henshin.examples#src#org#eclipse#emf#henshin#examples#metamodelevolution#petri.ecore""], [""b-studios$henshin$plugins#org.eclipse.emf.henshin.examples#src#org#eclipse#emf#henshin#examples#ecore2genmodel#flowchartdsl.ecore"", ""b-studios$henshin$plugins#org.eclipse.emf.henshin.examples#src#org#eclipse#emf#henshin#examples#ecore2uml#flowchartdsl.ecore""]]",Examples and tests for a modeling tool. Small variations between examples. Same metamodel for testing and example.,,,,,
sunwuliang/SlicingProject1.0,"[[""sunwuliang$SlicingProject1.0$slices#SlicedUML2InsER2MOFinheritedMemberIsValid.ecore"", ""sunwuliang$SlicingProject1.0$slices#SlicedUML2InsHTMLownedElementHasVisibility.ecore"", ""sunwuliang$SlicingProject1.0$slices#SlicedUML2InsDataSet3.ecore"", ""sunwuliang$SlicingProject1.0$slices#SlicedUML2InsDataSet2mustBeOwnedHasOwner.ecore"", ""sunwuliang$SlicingProject1.0$slices#SlicedUML2InsFSMownedElementHasVisibility.ecore"", ""sunwuliang$SlicingProject1.0$slices#SlicedUML2InsMARTEmustBeOwnedHasOwner.ecore"", ""sunwuliang$SlicingProject1.0$slices#SlicedUML2InsFSMinheritedMemberIsValid.ecore"", ""sunwuliang$SlicingProject1.0$slices#SlicedUML2InsDataSet3subsetRequiresDifferentName.ecore"", ""sunwuliang$SlicingProject1.0$slices#SlicedUML2InsMATLABownedElementHasVisibility.ecore"", ""sunwuliang$SlicingProject1.0$slices#SlicedUML2InsDataSet3ownedElementHasVisibility.ecore"", ""sunwuliang$SlicingProject1.0$slices#SlicedUML2InsER2MOFownedElementHasVisibility.ecore"", ""sunwuliang$SlicingProject1.0$slices#SlicedUML2InsDataSet2.ecore"", ""sunwuliang$SlicingProject1.0$slices#SlicedUML2InsFSMsubsetRequiresDifferentName.ecore"", ""sunwuliang$SlicingProject1.0$slices#SlicedUML2InsMATLABsubsetRequiresDifferentName.ecore"", ""sunwuliang$SlicingProject1.0$slices#SlicedUML2InsDataSet2ownedElementHasVisibility.ecore"", ""sunwuliang$SlicingProject1.0$slices#SlicedUML2InsER2MOFmustBeOwnedHasOwner.ecore"", ""sunwuliang$SlicingProject1.0$slices#SlicedUML2InsER2MOF.ecore"", ""sunwuliang$SlicingProject1.0$slices#SlicedUML2InsHTMLmustBeOwnedHasOwner.ecore"", ""sunwuliang$SlicingProject1.0$slices#SlicedUML2InsFSMmustBeOwnedHasOwner.ecore"", ""sunwuliang$SlicingProject1.0$slices#SlicedUML2InsMARTEinheritedMemberIsValid.ecore"", ""sunwuliang$SlicingProject1.0$slices#SlicedUML2InsDataSet1.ecore"", ""sunwuliang$SlicingProject1.0$slices#SlicedUML2InsMATLAB.ecore"", ""sunwuliang$SlicingProject1.0$slices#SlicedUML2InsDataSet3inheritedMemberIsValid.ecore"", ""sunwuliang$SlicingProject1.0$slices#SlicedUML2InsDataSet1inheritedMemberIsValid.ecore"", ""sunwuliang$SlicingProject1.0$slices#SlicedUML2InsMATLABmustBeOwnedHasOwner.ecore"", ""sunwuliang$SlicingProject1.0$slices#SlicedUML2InsMATLABinheritedMemberIsValid.ecore"", ""sunwuliang$SlicingProject1.0$slices#SlicedUML2InsFSM.ecore"", ""sunwuliang$SlicingProject1.0$slices#SlicedUML2InsHTMLinheritedMemberIsValid.ecore"", ""sunwuliang$SlicingProject1.0$slices#SlicedUML2InsDataSet2inheritedMemberIsValid.ecore"", ""sunwuliang$SlicingProject1.0$slices#SlicedUML2InsDataSet1mustBeOwnedHasOwner.ecore"", ""sunwuliang$SlicingProject1.0$slices#SlicedUML2InsDataSet1ownedElementHasVisibility.ecore"", ""sunwuliang$SlicingProject1.0$slices#SlicedUML2InsMARTEsubsetRequiresDifferentName.ecore"", ""sunwuliang$SlicingProject1.0$slices#SlicedUML2InsMARTE.ecore"", ""sunwuliang$SlicingProject1.0$slices#SlicedUML2InsER2MOFsubsetRequiresDifferentName.ecore"", ""sunwuliang$SlicingProject1.0$slices#SlicedUML2InsHTML.ecore"", ""sunwuliang$SlicingProject1.0$slices#SlicedUML2InsDataSet3mustBeOwnedHasOwner.ecore"", ""sunwuliang$SlicingProject1.0$slices#SlicedUML2InsMARTEownedElementHasVisibility.ecore"", ""sunwuliang$SlicingProject1.0$slices#SlicedUML2InsHTMLsubsetRequiresDifferentName.ecore"", ""sunwuliang$SlicingProject1.0$slices#SlicedUML2InsDataSet1subsetRequiresDifferentName.ecore"", ""sunwuliang$SlicingProject1.0$slices#SlicedUML2InsDataSet2subsetRequiresDifferentName.ecore""], [""sunwuliang$SlicingProject1.0$slices#SlicedUML2InsMARTEisAbstractDefined.ecore"", ""sunwuliang$SlicingProject1.0$slices#SlicedUML2InsDataSet2isAbstractDefined.ecore"", ""sunwuliang$SlicingProject1.0$slices#SlicedUML2InsER2MOFisAbstractDefined.ecore"", ""sunwuliang$SlicingProject1.0$slices#SlicedUML2InsER2MOFspecializedAssociationsHasSameNumberOfEnds.ecore"", ""sunwuliang$SlicingProject1.0$slices#SlicedUML2InsFSMisAbstractDefined.ecore"", ""sunwuliang$SlicingProject1.0$slices#SlicedUML2InsFSMspecializedAssociationsHasSameNumberOfEnds.ecore"", ""sunwuliang$SlicingProject1.0$slices#SlicedUML2InsMARTEspecializedAssociationsHasSameNumberOfEnds.ecore"", ""sunwuliang$SlicingProject1.0$slices#SlicedUML2InsHTMLspecializedAssociationsHasSameNumberOfEnds.ecore"", ""sunwuliang$SlicingProject1.0$slices#SlicedUML2InsDataSet3specializedAssociationsHasSameNumberOfEnds.ecore"", ""sunwuliang$SlicingProject1.0$slices#SlicedUML2InsDataSet3isAbstractDefined.ecore"", ""sunwuliang$SlicingProject1.0$slices#SlicedUML2InsMATLABisAbstractDefined.ecore"", ""sunwuliang$SlicingProject1.0$slices#SlicedUML2InsDataSet2specializedAssociationsHasSameNumberOfEnds.ecore"", ""sunwuliang$SlicingProject1.0$slices#SlicedUML2InsDataSet1isAbstractDefined.ecore"", ""sunwuliang$SlicingProject1.0$slices#SlicedUML2InsMATLABspecializedAssociationsHasSameNumberOfEnds.ecore"", ""sunwuliang$SlicingProject1.0$slices#SlicedUML2InsDataSet1specializedAssociationsHasSameNumberOfEnds.ecore"", ""sunwuliang$SlicingProject1.0$slices#SlicedUML2InsHTMLisAbstractDefined.ecore""], [""sunwuliang$SlicingProject1.0$slices#SlicedUML2InsDataSet3operationHasOnlyOneReturnParameter.ecore"", ""sunwuliang$SlicingProject1.0$slices#SlicedUML2InsHTMLoperationHasOnlyOneReturnParameter.ecore"", ""sunwuliang$SlicingProject1.0$slices#SlicedUML2InsMARTEoperationHasOnlyOneReturnParameter.ecore"", ""sunwuliang$SlicingProject1.0$slices#SlicedUML2InsFSMoperationHasOnlyOneReturnParameter.ecore"", ""sunwuliang$SlicingProject1.0$slices#SlicedUML2InsMATLABoperationHasOnlyOneReturnParameter.ecore"", ""sunwuliang$SlicingProject1.0$slices#SlicedUML2InsER2MOFoperationHasOnlyOneReturnParameter.ecore"", ""sunwuliang$SlicingProject1.0$slices#SlicedUML2InsDataSet1operationHasOnlyOneReturnParameter.ecore"", ""sunwuliang$SlicingProject1.0$slices#SlicedUML2InsDataSet2operationHasOnlyOneReturnParameter.ecore""], [""sunwuliang$SlicingProject1.0$slices#SlicedUML2InsHTMLnAryAssociationsOwnTheirEnds.ecore"", ""sunwuliang$SlicingProject1.0$slices#SlicedUML2InsDataSet2nAryAssociationsOwnTheirEnds.ecore"", ""sunwuliang$SlicingProject1.0$slices#SlicedUML2InsDataSet1nAryAssociationsOwnTheirEnds.ecore"", ""sunwuliang$SlicingProject1.0$slices#SlicedUML2InsMARTEnAryAssociationsOwnTheirEnds.ecore"", ""sunwuliang$SlicingProject1.0$slices#SlicedUML2InsER2MOFnAryAssociationsOwnTheirEnds.ecore"", ""sunwuliang$SlicingProject1.0$slices#SlicedUML2InsFSMnAryAssociationsOwnTheirEnds.ecore"", ""sunwuliang$SlicingProject1.0$slices#SlicedUML2InsMATLABnAryAssociationsOwnTheirEnds.ecore"", ""sunwuliang$SlicingProject1.0$slices#SlicedUML2InsDataSet3nAryAssociationsOwnTheirEnds.ecore""], [""sunwuliang$SlicingProject1.0$slices#SlicedUML2InsDataSet1isCompositeIsValid.ecore"", ""sunwuliang$SlicingProject1.0$slices#SlicedUML2InsER2MOFisCompositeIsValid.ecore"", ""sunwuliang$SlicingProject1.0$slices#SlicedUML2InsDataSet3isCompositeIsValid.ecore"", ""sunwuliang$SlicingProject1.0$slices#SlicedUML2InsDataSet2isCompositeIsValid.ecore"", ""sunwuliang$SlicingProject1.0$slices#SlicedUML2InsMARTEisCompositeIsValid.ecore"", ""sunwuliang$SlicingProject1.0$slices#SlicedUML2InsMATLABisCompositeIsValid.ecore"", ""sunwuliang$SlicingProject1.0$slices#SlicedUML2InsHTMLisCompositeIsValid.ecore"", ""sunwuliang$SlicingProject1.0$slices#SlicedUML2InsFSMisCompositeIsValid.ecore""], [""sunwuliang$SlicingProject1.0$slices#SlicedUML2InsDataSet2onlyBinaryAssociationCanBeAggregations.ecore"", ""sunwuliang$SlicingProject1.0$slices#SlicedUML2InsDataSet3onlyBinaryAssociationCanBeAggregations.ecore"", ""sunwuliang$SlicingProject1.0$slices#SlicedUML2InsDataSet1onlyBinaryAssociationCanBeAggregations.ecore"", ""sunwuliang$SlicingProject1.0$slices#SlicedUML2InsMATLABonlyBinaryAssociationCanBeAggregations.ecore"", ""sunwuliang$SlicingProject1.0$slices#SlicedUML2InsER2MOFonlyBinaryAssociationCanBeAggregations.ecore"", ""sunwuliang$SlicingProject1.0$slices#SlicedUML2InsHTMLonlyBinaryAssociationCanBeAggregations.ecore"", ""sunwuliang$SlicingProject1.0$slices#SlicedUML2InsFSMonlyBinaryAssociationCanBeAggregations.ecore"", ""sunwuliang$SlicingProject1.0$slices#SlicedUML2InsMARTEonlyBinaryAssociationCanBeAggregations.ecore""], [""sunwuliang$SlicingProject1.0$slices#SlicedUML2InsMATLABderivedUnionIsReadOnly.ecore"", ""sunwuliang$SlicingProject1.0$slices#SlicedUML2InsER2MOFderivedUnionIsReadOnly.ecore"", ""sunwuliang$SlicingProject1.0$slices#SlicedUML2InsMARTEderivedUnionIsReadOnly.ecore"", ""sunwuliang$SlicingProject1.0$slices#SlicedUML2InsDataSet2derivedUnionIsReadOnly.ecore"", ""sunwuliang$SlicingProject1.0$slices#SlicedUML2InsDataSet1derivedUnionIsReadOnly.ecore"", ""sunwuliang$SlicingProject1.0$slices#SlicedUML2InsFSMderivedUnionIsReadOnly.ecore"", ""sunwuliang$SlicingProject1.0$slices#SlicedUML2InsDataSet3derivedUnionIsReadOnly.ecore"", ""sunwuliang$SlicingProject1.0$slices#SlicedUML2InsHTMLderivedUnionIsReadOnly.ecore""], [""sunwuliang$SlicingProject1.0$slices#SlicedUML2InsER2MOFclass1.ecore"", ""sunwuliang$SlicingProject1.0$slices#SlicedUML2InsDataSet3class1.ecore"", ""sunwuliang$SlicingProject1.0$slices#SlicedUML2InsDataSet2class1.ecore"", ""sunwuliang$SlicingProject1.0$slices#SlicedUML2InsMATLABclass1.ecore"", ""sunwuliang$SlicingProject1.0$slices#SlicedUML2InsHTMLclass1.ecore"", ""sunwuliang$SlicingProject1.0$slices#SlicedUML2InsFSMclass1.ecore"", ""sunwuliang$SlicingProject1.0$slices#SlicedUML2InsMARTEclass1.ecore"", ""sunwuliang$SlicingProject1.0$slices#SlicedUML2InsDataSet1class1.ecore""], [""sunwuliang$SlicingProject1.0$slices#SlicedUML2InsHTMLbc1.ecore"", ""sunwuliang$SlicingProject1.0$slices#SlicedUML2InsMATLABbc1.ecore"", ""sunwuliang$SlicingProject1.0$slices#SlicedUML2InsMARTEbc1.ecore"", ""sunwuliang$SlicingProject1.0$slices#SlicedUML2InsFSMbc1.ecore"", ""sunwuliang$SlicingProject1.0$slices#SlicedUML2InsER2MOFbc1.ecore"", ""sunwuliang$SlicingProject1.0$slices#SlicedUML2InsDataSet2bc1.ecore"", ""sunwuliang$SlicingProject1.0$slices#SlicedUML2InsDataSet1bc1.ecore"", ""sunwuliang$SlicingProject1.0$slices#SlicedUML2InsDataSet3bc1.ecore""], [""sunwuliang$SlicingProject1.0$slices#SlicedUML2InsFSMderivedUnionIsDerived.ecore"", ""sunwuliang$SlicingProject1.0$slices#SlicedUML2InsDataSet1derivedUnionIsDerived.ecore"", ""sunwuliang$SlicingProject1.0$slices#SlicedUML2InsER2MOFderivedUnionIsDerived.ecore"", ""sunwuliang$SlicingProject1.0$slices#SlicedUML2InsMATLABderivedUnionIsDerived.ecore"", ""sunwuliang$SlicingProject1.0$slices#SlicedUML2InsDataSet3derivedUnionIsDerived.ecore"", ""sunwuliang$SlicingProject1.0$slices#SlicedUML2InsMARTEderivedUnionIsDerived.ecore"", ""sunwuliang$SlicingProject1.0$slices#SlicedUML2InsHTMLderivedUnionIsDerived.ecore"", ""sunwuliang$SlicingProject1.0$slices#SlicedUML2InsDataSet2derivedUnionIsDerived.ecore""]]",a tool that slices ecore models. The repo include the results of the application of such tool (bad practice?),,,,,
MDEGroup/EMFMigrate,"[[""MDEGroup$EMFMigrate$emftext-based#emig2epsilon-test#metamodel#emig.ecore"", ""MDEGroup$EMFMigrate$emftext-based#emig-dsl#emftext-emig#it.univaq.coevolution.emftext.emig.language.emig#metamodel#emig.ecore"", ""MDEGroup$EMFMigrate$emftext-based#emig2epsilon#it.univaq.coevolution.evoEmig#metamodel#evoEmig.ecore"", ""MDEGroup$EMFMigrate$emftext-based#emig2epsilon-test#useCase#ant#emig.ecore"", ""MDEGroup$EMFMigrate$emftext-based#emig2epsilon-test#metamodel#evoEmig.ecore""], [""MDEGroup$EMFMigrate$emftext-based#emig2epsilon-test#metamodel#EcoreDiff.ecore"", ""MDEGroup$EMFMigrate$xtext-based#utils#EcoreDiff2EDelta#it.univaq.coevolution.emfmigrate.utils.ECoreDiff2EDelta#metamodel#ECoreDiff.ecore"", ""MDEGroup$EMFMigrate$emftext-based#emig2epsilon-test#useCase#ant#EcoreDiff.ecore""], [""MDEGroup$EMFMigrate$xtext-based#it.univaq.coevolution.emfmigrate.tests#test-data#ATL.ecore"", ""MDEGroup$EMFMigrate$emftext-based#emig-dsl#emftext-emig#it.univaq.coevolution.emftext.emig.language.emig#test-data#ATL.ecore""], [""MDEGroup$EMFMigrate$emftext-based#emig-dsl#emftext-edelta#it.univaq.coevolution.emftext.edelta#metamodel#EDeltaLang.ecore"", ""MDEGroup$EMFMigrate$xtext-based#it.univaq.coevolution.differences.edelta#src-gen#it#univaq#coevolution#differences#edelta#EDeltaLang.ecore""], [""MDEGroup$EMFMigrate$emftext-based#emig2epsilon-test#useCase#ant#evoWebapp.ecore"", ""MDEGroup$EMFMigrate$emftext-based#emig2epsilon-test#useCase#ant#Webapp.ecore""], [""MDEGroup$EMFMigrate$emftext-based#emig2epsilon-test#metamodel#simpleocl.ecore"", ""MDEGroup$EMFMigrate$emftext-based#emig-dsl#emftext-ocl#it.univaq.coevolution.emfmigrate.EmigOcl#metamodel#EmigOcl.ecore""], [""MDEGroup$EMFMigrate$emftext-based#emig-dsl#emftext-edelta#it.univaq.coevolution.emftext.edelta#test-data#PetriNetMM0.ecore"", ""MDEGroup$EMFMigrate$emftext-based#emig-dsl#emftext-emig#it.univaq.coevolution.emftext.emig.language.emig#test-data#PetriNetMM0.ecore""], [""MDEGroup$EMFMigrate$emftext-based#emig2epsilon-test#metamodel#mtl.ecore"", ""MDEGroup$EMFMigrate$emftext-based#emig2epsilon-test#useCase#ant#mtl.ecore""]]",several close copies of the same meta-model to test a tool,,,,,
meddahamine/my-projects,"[[""meddahamine$my-projects$UML#2_UML_ECORE contraintes OCL#earlybinding.addressbook#model#addressbook.ecore"", ""meddahamine$my-projects$UML#1_UML_ acceleo#Acceleo#model#addressbook.ecore"", ""meddahamine$my-projects$UML#2_UML_ECORE contraintes OCL#uml.addressbook#model#addressbook.ecore""]]",this repo contains several projects that reuse the same meta-model. Not applicable? Assignments?,,,,,
latacita/hydra-temp-,"[[""latacita$hydra-temp-$HydraOld#es.uma.lcc.project.featuremodel#model#specializationmodel.ecore"", ""latacita$hydra-temp-$Hydracan#es.uma.lcc.project.featuremodel#model#specializationmodel.ecore""], [""latacita$hydra-temp-$HydraOld#constraintHydra#metamodelos#syntax.ecore"", ""latacita$hydra-temp-$Hydracan#es.unican.hydracan.constraintHydra#metamodels#hydraConstraints.ecore""], [""latacita$hydra-temp-$Hydracan#es.uma.lcc.project.featuremodel#model#featuremodel.ecore"", ""latacita$hydra-temp-$HydraOld#es.uma.lcc.project.featuremodel#model#featuremodel.ecore""]]",This repo contains two versions of the same project. Several metamodels duplicated,,,,,
edsonalves/dsql,"[[""edsonalves$dsql$br.ufpe.cin.dsql#backup2#dsql.ecore"", ""edsonalves$dsql$br.ufpe.cin.dsql#model_b2#dsql.ecore"", ""edsonalves$dsql$br.ufpe.cin.dsql#model_bkp#dsql.ecore"", ""edsonalves$dsql$br.ufpe.cin.dsql#model#dsql.ecore""]]",Backup copies of the meta-model? Bad practice,,,,,
sohaniwso2/SohaniWSO2,"[[""sohaniwso2$SohaniWSO2$developer-studio#bps#plugins#org.eclipse.bpel.ui#uiextensionmodel.ecore"", ""sohaniwso2$SohaniWSO2$developer-studio#bps#plugins#org.eclipse.bpel.ui.noEmbeddedEditors#uiextensionmodel.ecore""]]",Duplicated dependencies due to a problem wit Eclipse Juno (documented in the readme),,,,,
